country,year,dev_level,region,equities,bonds,real_estate,commodities,cash,shock_event
USA,1985,developed,NorthAmerica,18.93,7.05,-7.43,2.1,3.65,
USA,1986,developed,NorthAmerica,11.52,10.24,0.03,-27.53,3.78,
USA,1987,developed,NorthAmerica,0.58,-4.12,3.02,21.01,3.1,Black Monday
USA,1988,developed,NorthAmerica,38.04,0.1,7.07,-15.35,3.32,
USA,1989,developed,NorthAmerica,8.31,-2.6,29.12,-4.71,2.97,
USA,1990,developed,NorthAmerica,18.25,13.34,14.08,-15.15,2.77,Gulf War / S&L crisis
USA,1991,developed,NorthAmerica,-17.66,8.85,-8.96,-9.11,2.71,Recession
USA,1992,developed,NorthAmerica,13.47,0.94,18.32,14.75,2.78,
USA,1993,developed,NorthAmerica,-4.99,9.53,0.51,30.39,3.4,
USA,1994,developed,NorthAmerica,14.49,6.31,-19.06,1.39,3.48,
USA,1995,developed,NorthAmerica,20.9,-4.41,4.09,-34.01,3.27,
USA,1996,developed,NorthAmerica,-12.55,6.72,15.57,-2.86,3.73,
USA,1997,developed,NorthAmerica,-1.27,5.08,-8.49,12.27,3.11,Asian Financial Crisis
USA,1998,developed,NorthAmerica,-20.75,4.22,-0.3,6.74,2.86,LTCM / Russia default
USA,1999,developed,NorthAmerica,29.07,6.16,6.89,5.61,3.04,
USA,2000,developed,NorthAmerica,13.36,7.13,11.16,-24.52,2.05,
USA,2001,developed,NorthAmerica,-0.52,6.36,6.97,2.03,2.21,Dot-com bust / 9-11
USA,2002,developed,NorthAmerica,-13.85,5.84,-8.74,8.16,2.02,Corporate scandals
USA,2003,developed,NorthAmerica,9.64,-1.91,2.22,16.12,2.2,
USA,2004,developed,NorthAmerica,-14.55,2.54,-6.55,-22.9,1.93,
USA,2005,developed,NorthAmerica,11.8,8.35,9.5,2.22,2.29,
USA,2006,developed,NorthAmerica,-5.35,3.11,-3.86,-9.99,1.95,
USA,2007,developed,NorthAmerica,10.17,18.97,-1.69,1.36,1.47,
USA,2008,developed,NorthAmerica,-16.23,4.01,1.6,-4.75,2.12,Global Financial Crisis
USA,2009,developed,NorthAmerica,-17.14,1.86,-9.88,-4.78,1.63,GFC trough
USA,2010,developed,NorthAmerica,10.05,4.21,3.58,-22.94,1.1,
USA,2011,developed,NorthAmerica,-4.39,9.17,16.18,-0.23,0.74,Euro debt crisis
USA,2012,developed,NorthAmerica,8.13,6.81,5.87,-5.64,1.17,
USA,2013,developed,NorthAmerica,19.6,-0.39,-2.06,11.02,0.98,
USA,2014,developed,NorthAmerica,16.01,3.18,-3.42,4.96,0.94,
USA,2015,developed,NorthAmerica,15.13,6.05,-8.57,21.65,1.64,China slowdown
USA,2016,developed,NorthAmerica,-5.64,0.41,9.08,13.23,1.97,
USA,2017,developed,NorthAmerica,20.26,-3.77,0.14,-28.32,1.54,
USA,2018,developed,NorthAmerica,29.68,14.38,11.04,-6.51,1.72,
USA,2019,developed,NorthAmerica,20.12,-5.3,6.61,25.14,1.36,
USA,2020,developed,NorthAmerica,-16.47,7.7,0.82,-8.18,1.22,COVID-19
USA,2021,developed,NorthAmerica,22.19,8.54,11.09,4.51,1.63,COVID recovery / stimulus
USA,2022,developed,NorthAmerica,-0.3,-11.53,7.47,22.72,2.35,Inflation / rate hike cycle
USA,2023,developed,NorthAmerica,6.06,-10.57,3.34,24.51,3.55,Rates plateau
USA,2024,developed,NorthAmerica,5.05,-4.34,-1.85,9.45,4.48,
Canada,1985,developed,NorthAmerica,15.61,-4.59,-7.75,8.47,3.97,
Canada,1986,developed,NorthAmerica,33.6,10.52,22.37,-9.92,4.03,
Canada,1987,developed,NorthAmerica,18.55,7.7,1.78,22.0,3.72,Black Monday
Canada,1988,developed,NorthAmerica,13.38,-3.2,11.85,-1.15,3.95,
Canada,1989,developed,NorthAmerica,14.87,4.67,6.73,14.86,3.54,
Canada,1990,developed,NorthAmerica,-12.28,7.68,-3.71,-17.25,3.52,Gulf War / S&L crisis
Canada,1991,developed,NorthAmerica,9.07,2.95,-14.32,-2.54,4.35,Recession
Canada,1992,developed,NorthAmerica,1.35,2.25,11.43,15.43,4.63,
Canada,1993,developed,NorthAmerica,-24.15,11.06,10.29,40.65,3.51,
Canada,1994,developed,NorthAmerica,-11.97,1.62,2.78,13.86,4.26,
Canada,1995,developed,NorthAmerica,7.36,0.23,8.79,0.29,3.87,
Canada,1996,developed,NorthAmerica,17.35,9.68,10.97,0.92,3.47,
Canada,1997,developed,NorthAmerica,0.83,-0.5,0.17,-6.95,3.77,Asian Financial Crisis
Canada,1998,developed,NorthAmerica,-6.62,-2.37,12.98,-11.77,3.71,LTCM / Russia default
Canada,1999,developed,NorthAmerica,21.49,8.6,12.98,7.6,3.31,
Canada,2000,developed,NorthAmerica,29.83,5.51,-5.29,-4.69,2.68,
Canada,2001,developed,NorthAmerica,-1.58,10.63,3.17,4.73,3.77,Dot-com bust / 9-11
Canada,2002,developed,NorthAmerica,3.76,3.51,11.18,-18.58,3.16,Corporate scandals
Canada,2003,developed,NorthAmerica,22.22,0.55,19.42,-19.09,2.77,
Canada,2004,developed,NorthAmerica,20.45,4.16,5.48,10.76,3.55,
Canada,2005,developed,NorthAmerica,1.72,-3.41,8.25,18.16,3.28,
Canada,2006,developed,NorthAmerica,8.39,-0.52,9.31,4.22,3.84,
Canada,2007,developed,NorthAmerica,22.43,-2.22,0.7,-19.33,4.36,
Canada,2008,developed,NorthAmerica,-4.98,5.98,-3.53,10.65,5.36,Global Financial Crisis
Canada,2009,developed,NorthAmerica,-20.55,-1.64,-16.91,-8.82,4.4,GFC trough
Canada,2010,developed,NorthAmerica,1.34,9.37,11.17,11.26,5.3,
Canada,2011,developed,NorthAmerica,-4.62,-3.84,7.01,-24.61,4.38,Euro debt crisis
Canada,2012,developed,NorthAmerica,9.28,3.21,-0.64,-14.35,4.32,
Canada,2013,developed,NorthAmerica,17.22,2.78,-4.58,-15.01,4.2,
Canada,2014,developed,NorthAmerica,10.38,5.98,-3.31,-30.09,3.94,
Canada,2015,developed,NorthAmerica,-4.28,7.7,-1.89,-11.9,3.4,China slowdown
Canada,2016,developed,NorthAmerica,36.48,7.65,7.25,8.57,2.21,
Canada,2017,developed,NorthAmerica,-5.23,-8.16,20.49,25.93,2.4,
Canada,2018,developed,NorthAmerica,13.34,-3.43,6.99,29.81,2.31,
Canada,2019,developed,NorthAmerica,7.35,-5.48,21.96,2.24,1.17,
Canada,2020,developed,NorthAmerica,-15.66,0.09,-1.75,4.64,1.75,COVID-19
Canada,2021,developed,NorthAmerica,20.24,3.41,16.64,-1.94,3.24,COVID recovery / stimulus
Canada,2022,developed,NorthAmerica,-2.06,-2.46,-4.4,0.51,2.37,Inflation / rate hike cycle
Canada,2023,developed,NorthAmerica,12.31,-9.9,6.89,-15.51,3.21,Rates plateau
Canada,2024,developed,NorthAmerica,18.61,10.73,-1.54,2.75,3.13,
UK,1985,developed,Europe,-0.86,-0.25,11.73,-4.02,4.74,
UK,1986,developed,Europe,16.02,-2.57,3.52,-8.4,3.91,
UK,1987,developed,Europe,-14.45,-2.92,-1.47,13.22,3.91,Black Monday
UK,1988,developed,Europe,27.13,5.03,5.95,15.63,2.98,
UK,1989,developed,Europe,-11.78,4.46,-1.96,2.76,3.7,
UK,1990,developed,Europe,9.64,5.78,10.44,7.04,3.66,Gulf War / S&L crisis
UK,1991,developed,Europe,6.26,0.02,2.12,42.75,3.1,Recession
UK,1992,developed,Europe,10.94,-0.48,11.58,15.01,3.74,
UK,1993,developed,Europe,9.48,7.27,14.63,8.21,3.29,
UK,1994,developed,Europe,17.98,-1.35,-1.1,2.71,2.79,
UK,1995,developed,Europe,18.57,-2.81,2.05,0.75,3.11,
UK,1996,developed,Europe,4.63,1.35,4.67,-2.65,3.37,
UK,1997,developed,Europe,14.33,-5.62,-0.68,-4.53,3.59,Asian Financial Crisis
UK,1998,developed,Europe,-14.23,2.51,1.87,18.56,3.04,LTCM / Russia default
UK,1999,developed,Europe,-6.14,0.69,12.25,-14.54,3.39,
UK,2000,developed,Europe,9.67,1.44,28.23,-2.83,3.04,
UK,2001,developed,Europe,-4.56,6.87,11.07,-5.97,2.52,Dot-com bust / 9-11
UK,2002,developed,Europe,-3.47,-3.3,13.61,-4.75,2.09,Corporate scandals
UK,2003,developed,Europe,30.14,-0.47,4.11,27.92,2.95,
UK,2004,developed,Europe,9.41,-3.47,-5.3,1.1,2.88,
UK,2005,developed,Europe,14.93,1.38,8.2,-24.42,2.73,
UK,2006,developed,Europe,12.59,13.29,7.76,-10.81,2.48,
UK,2007,developed,Europe,6.39,7.88,9.15,-16.47,1.1,
UK,2008,developed,Europe,-3.63,13.35,-0.77,13.79,1.69,Global Financial Crisis
UK,2009,developed,Europe,-6.1,1.92,-1.65,20.15,1.88,GFC trough
UK,2010,developed,Europe,11.14,0.89,1.82,1.97,2.02,
UK,2011,developed,Europe,16.29,-9.31,3.87,2.65,1.47,Euro debt crisis
UK,2012,developed,Europe,13.3,-2.17,2.43,32.1,2.34,
UK,2013,developed,Europe,15.2,2.94,5.79,34.43,2.22,
UK,2014,developed,Europe,0.08,-6.86,11.69,3.92,1.87,
UK,2015,developed,Europe,9.28,2.59,8.53,9.84,2.0,China slowdown
UK,2016,developed,Europe,13.55,1.91,1.61,-4.89,2.75,
UK,2017,developed,Europe,2.45,9.01,18.92,-7.06,1.84,
UK,2018,developed,Europe,19.31,0.64,-2.37,-4.98,3.17,
UK,2019,developed,Europe,22.75,4.01,14.87,10.9,3.26,
UK,2020,developed,Europe,-16.04,10.1,0.33,16.31,3.08,COVID-19
UK,2021,developed,Europe,8.05,3.96,0.14,-12.7,3.6,COVID recovery / stimulus
UK,2022,developed,Europe,-1.8,3.05,10.83,-15.59,3.29,Inflation / rate hike cycle
UK,2023,developed,Europe,-3.38,6.08,-4.54,-2.48,3.8,Rates plateau
UK,2024,developed,Europe,10.07,1.88,-3.45,-0.14,4.52,
Germany,1985,developed,Europe,-1.87,-0.91,16.93,4.51,3.1,
Germany,1986,developed,Europe,14.48,4.63,3.99,15.24,3.14,
Germany,1987,developed,Europe,20.37,0.18,16.05,-3.36,2.3,Black Monday
Germany,1988,developed,Europe,10.69,8.73,13.4,-1.06,2.67,
Germany,1989,developed,Europe,12.93,2.18,2.55,8.79,2.37,
Germany,1990,developed,Europe,-9.33,10.57,1.78,25.88,2.11,Gulf War / S&L crisis
Germany,1991,developed,Europe,3.04,3.2,-2.97,-5.34,2.89,Recession
Germany,1992,developed,Europe,10.48,3.98,-6.96,-24.26,1.6,
Germany,1993,developed,Europe,3.44,6.06,-8.57,0.44,1.64,
Germany,1994,developed,Europe,32.57,-4.28,4.47,-10.24,1.3,
Germany,1995,developed,Europe,-0.36,14.16,12.21,0.48,1.47,
Germany,1996,developed,Europe,14.22,6.91,5.82,-17.9,0.93,
Germany,1997,developed,Europe,34.16,9.68,10.05,-12.9,1.39,Asian Financial Crisis
Germany,1998,developed,Europe,-10.41,0.08,2.52,30.65,1.45,LTCM / Russia default
Germany,1999,developed,Europe,5.38,2.69,-3.06,3.5,0.86,
Germany,2000,developed,Europe,20.84,10.67,8.89,10.64,0.5,
Germany,2001,developed,Europe,12.1,3.11,10.16,7.98,1.25,Dot-com bust / 9-11
Germany,2002,developed,Europe,17.47,-1.39,-0.13,-2.07,0.38,Corporate scandals
Germany,2003,developed,Europe,6.32,3.54,20.73,4.72,1.16,
Germany,2004,developed,Europe,15.61,2.94,11.99,13.42,1.08,
Germany,2005,developed,Europe,8.1,-1.3,-3.84,-2.87,0.0,
Germany,2006,developed,Europe,32.5,9.14,5.61,-14.34,0.74,
Germany,2007,developed,Europe,-0.49,-0.4,5.63,4.56,0.64,
Germany,2008,developed,Europe,7.0,12.37,-0.71,16.65,0.52,Global Financial Crisis
Germany,2009,developed,Europe,-29.8,6.64,-6.68,-9.07,0.0,GFC trough
Germany,2010,developed,Europe,-2.72,11.34,20.24,-24.12,0.0,
Germany,2011,developed,Europe,-6.56,12.1,4.65,-9.37,0.41,Euro debt crisis
Germany,2012,developed,Europe,19.88,5.93,2.83,6.53,0.18,
Germany,2013,developed,Europe,10.47,3.01,20.04,6.24,0.31,
Germany,2014,developed,Europe,29.74,8.0,8.76,18.03,0.14,
Germany,2015,developed,Europe,42.29,7.75,16.91,6.51,0.0,China slowdown
Germany,2016,developed,Europe,11.32,6.22,16.6,20.08,0.7,
Germany,2017,developed,Europe,7.18,2.51,0.38,27.96,0.83,
Germany,2018,developed,Europe,22.82,5.65,11.98,1.27,1.1,
Germany,2019,developed,Europe,-1.38,11.89,9.56,20.35,2.04,
Germany,2020,developed,Europe,-11.1,9.66,-0.88,-16.2,1.59,COVID-19
Germany,2021,developed,Europe,19.13,-0.7,6.21,1.29,2.93,COVID recovery / stimulus
Germany,2022,developed,Europe,-17.14,2.4,0.89,-5.07,3.43,Inflation / rate hike cycle
Germany,2023,developed,Europe,12.61,3.64,3.49,21.1,4.5,Rates plateau
Germany,2024,developed,Europe,16.67,-2.6,7.57,12.23,3.75,
France,1985,developed,Europe,-9.68,-5.04,6.65,7.12,2.79,
France,1986,developed,Europe,22.74,7.35,17.83,7.56,2.49,
France,1987,developed,Europe,9.18,11.47,-0.02,-20.28,1.89,Black Monday
France,1988,developed,Europe,-3.08,11.94,5.4,28.13,0.5,
France,1989,developed,Europe,11.6,11.68,1.8,0.57,1.26,
France,1990,developed,Europe,-0.99,5.37,-3.65,1.29,1.89,Gulf War / S&L crisis
France,1991,developed,Europe,1.51,-0.6,12.74,13.94,1.76,Recession
France,1992,developed,Europe,-6.65,-1.33,11.53,7.54,2.4,
France,1993,developed,Europe,5.22,-0.69,14.73,-5.11,2.15,
France,1994,developed,Europe,-8.99,0.65,16.04,-7.37,2.11,
France,1995,developed,Europe,-16.97,1.87,7.42,28.98,1.48,
France,1996,developed,Europe,21.88,11.73,5.42,-3.58,1.4,
France,1997,developed,Europe,-8.58,5.09,19.08,9.21,0.79,Asian Financial Crisis
France,1998,developed,Europe,11.09,9.71,15.46,-6.69,1.34,LTCM / Russia default
France,1999,developed,Europe,28.73,8.53,4.23,-12.67,0.9,
France,2000,developed,Europe,10.05,-4.63,12.04,22.41,1.85,
France,2001,developed,Europe,-4.54,1.58,6.75,0.08,1.98,Dot-com bust / 9-11
France,2002,developed,Europe,12.42,9.79,-3.77,6.23,1.81,Corporate scandals
France,2003,developed,Europe,8.58,11.0,16.7,23.06,1.32,
France,2004,developed,Europe,7.73,4.38,-6.32,22.59,1.84,
France,2005,developed,Europe,15.06,8.86,-2.91,-11.3,2.76,
France,2006,developed,Europe,15.26,2.24,8.4,18.9,2.1,
France,2007,developed,Europe,-7.25,15.23,16.69,-0.4,1.12,
France,2008,developed,Europe,8.71,12.15,-10.78,-3.36,1.89,Global Financial Crisis
France,2009,developed,Europe,-5.83,6.38,-7.24,26.88,0.46,GFC trough
France,2010,developed,Europe,23.38,9.74,18.59,-11.21,0.15,
France,2011,developed,Europe,10.96,13.39,11.55,-7.3,0.15,Euro debt crisis
France,2012,developed,Europe,-9.66,-6.78,16.62,-2.75,0.63,
France,2013,developed,Europe,21.77,13.36,15.71,31.13,0.35,
France,2014,developed,Europe,18.27,6.41,3.19,16.93,0.0,
France,2015,developed,Europe,8.34,5.43,6.95,-4.43,0.91,China slowdown
France,2016,developed,Europe,29.01,1.22,9.04,-16.42,1.15,
France,2017,developed,Europe,10.36,-4.07,12.54,8.96,0.96,
France,2018,developed,Europe,13.95,3.05,28.65,2.77,0.82,
France,2019,developed,Europe,5.82,8.36,-0.89,-4.19,0.61,
France,2020,developed,Europe,-15.32,16.97,-5.95,10.75,1.09,COVID-19
France,2021,developed,Europe,9.79,10.23,14.77,4.39,0.45,COVID recovery / stimulus
France,2022,developed,Europe,25.2,1.08,-1.86,-12.29,0.81,Inflation / rate hike cycle
France,2023,developed,Europe,17.26,2.5,-11.7,-7.35,1.35,Rates plateau
France,2024,developed,Europe,6.59,5.42,3.36,18.28,1.37,
Italy,1985,developed,Europe,13.59,0.78,6.8,11.66,4.26,
Italy,1986,developed,Europe,10.99,3.82,10.78,11.02,5.1,
Italy,1987,developed,Europe,-9.48,-0.76,-1.04,2.19,5.28,Black Monday
Italy,1988,developed,Europe,-10.45,-7.63,-25.82,1.65,6.38,
Italy,1989,developed,Europe,27.21,-2.39,2.25,-18.26,4.96,
Italy,1990,developed,Europe,-14.69,2.57,-3.04,7.02,4.88,Gulf War / S&L crisis
Italy,1991,developed,Europe,-2.69,2.27,-9.37,-16.29,4.24,Recession
Italy,1992,developed,Europe,8.55,0.95,-16.23,2.9,4.63,
Italy,1993,developed,Europe,22.15,1.34,5.7,19.5,4.21,
Italy,1994,developed,Europe,3.92,6.73,1.35,8.65,4.33,
Italy,1995,developed,Europe,9.79,1.56,2.32,16.98,5.6,
Italy,1996,developed,Europe,3.17,7.89,2.18,25.44,5.77,
Italy,1997,developed,Europe,-7.01,10.32,-11.66,-17.59,5.62,Asian Financial Crisis
Italy,1998,developed,Europe,-10.72,-0.92,-2.38,24.22,4.38,LTCM / Russia default
Italy,1999,developed,Europe,9.62,-8.42,-6.2,30.91,4.74,
Italy,2000,developed,Europe,2.35,8.59,-14.19,4.05,4.6,
Italy,2001,developed,Europe,17.22,-0.47,-6.73,-11.45,3.87,Dot-com bust / 9-11
Italy,2002,developed,Europe,9.56,6.54,-6.87,-5.52,3.62,Corporate scandals
Italy,2003,developed,Europe,-3.8,0.05,-0.32,-3.03,3.04,
Italy,2004,developed,Europe,5.42,7.29,-2.88,0.21,4.67,
Italy,2005,developed,Europe,30.55,1.32,-4.21,-13.76,3.99,
Italy,2006,developed,Europe,-1.08,6.86,17.95,2.39,4.1,
Italy,2007,developed,Europe,11.15,1.89,11.37,-9.88,4.07,
Italy,2008,developed,Europe,-21.58,5.5,-17.55,-12.76,3.59,Global Financial Crisis
Italy,2009,developed,Europe,-43.33,6.92,-11.58,13.11,3.06,GFC trough
Italy,2010,developed,Europe,-8.19,2.48,-0.73,25.39,2.78,
Italy,2011,developed,Europe,-10.16,-2.29,-13.09,8.07,4.01,Euro debt crisis
Italy,2012,developed,Europe,17.77,7.37,19.77,2.92,4.24,
Italy,2013,developed,Europe,-12.05,4.91,2.38,14.07,3.84,
Italy,2014,developed,Europe,8.9,3.04,2.72,-6.25,4.88,
Italy,2015,developed,Europe,29.56,-3.59,7.77,-39.3,4.47,China slowdown
Italy,2016,developed,Europe,-16.55,-0.51,-8.42,0.67,4.95,
Italy,2017,developed,Europe,-17.02,2.11,-1.47,26.94,4.1,
Italy,2018,developed,Europe,-6.54,1.11,16.47,14.04,3.74,
Italy,2019,developed,Europe,5.07,0.98,0.2,-21.81,3.74,
Italy,2020,developed,Europe,6.83,5.0,-6.57,3.54,4.15,COVID-19
Italy,2021,developed,Europe,7.31,7.19,-0.54,0.11,3.71,COVID recovery / stimulus
Italy,2022,developed,Europe,-5.79,2.04,8.87,-8.74,3.72,Inflation / rate hike cycle
Italy,2023,developed,Europe,10.23,-0.47,9.44,4.4,3.82,Rates plateau
Italy,2024,developed,Europe,-22.25,2.63,4.25,29.3,3.77,
Spain,1985,developed,Europe,20.73,-3.15,2.75,21.87,3.83,
Spain,1986,developed,Europe,18.88,7.56,6.6,-1.75,3.3,
Spain,1987,developed,Europe,25.23,8.1,4.93,-3.65,3.7,Black Monday
Spain,1988,developed,Europe,10.13,6.26,11.17,-8.71,2.8,
Spain,1989,developed,Europe,9.35,-4.59,2.95,-4.57,3.31,
Spain,1990,developed,Europe,30.4,-6.61,22.47,-0.18,3.42,Gulf War / S&L crisis
Spain,1991,developed,Europe,-11.12,9.04,4.54,2.08,2.42,Recession
Spain,1992,developed,Europe,9.01,7.14,3.5,21.2,3.56,
Spain,1993,developed,Europe,2.21,10.18,7.12,4.58,2.94,
Spain,1994,developed,Europe,7.64,-12.13,2.65,-16.06,4.07,
Spain,1995,developed,Europe,26.55,4.66,2.13,-10.52,3.8,
Spain,1996,developed,Europe,32.05,-0.57,-14.14,18.97,4.44,
Spain,1997,developed,Europe,22.91,8.01,10.86,4.08,3.29,Asian Financial Crisis
Spain,1998,developed,Europe,7.07,5.98,3.07,0.52,3.16,LTCM / Russia default
Spain,1999,developed,Europe,-1.02,12.2,21.37,3.36,3.87,
Spain,2000,developed,Europe,-0.78,7.35,21.35,-19.96,3.17,
Spain,2001,developed,Europe,12.66,7.25,17.41,33.14,3.04,Dot-com bust / 9-11
Spain,2002,developed,Europe,14.58,6.1,-0.22,6.3,3.01,Corporate scandals
Spain,2003,developed,Europe,10.17,0.54,1.58,-4.07,2.76,
Spain,2004,developed,Europe,12.12,5.66,13.57,-9.56,2.89,
Spain,2005,developed,Europe,24.16,1.75,3.89,1.18,3.71,
Spain,2006,developed,Europe,23.17,8.26,6.18,-9.44,3.76,
Spain,2007,developed,Europe,20.14,0.23,17.63,-4.35,3.73,
Spain,2008,developed,Europe,7.15,1.29,-1.47,13.55,4.13,Global Financial Crisis
Spain,2009,developed,Europe,-17.12,13.6,-4.6,-16.91,3.31,GFC trough
Spain,2010,developed,Europe,2.3,-0.75,3.12,17.42,4.25,
Spain,2011,developed,Europe,-6.3,3.41,-0.53,6.32,4.39,Euro debt crisis
Spain,2012,developed,Europe,7.75,-3.09,-2.52,5.73,4.48,
Spain,2013,developed,Europe,19.94,10.82,1.64,15.44,4.77,
Spain,2014,developed,Europe,9.88,-2.18,0.44,48.92,5.15,
Spain,2015,developed,Europe,-2.63,4.32,-0.47,-10.78,4.93,China slowdown
Spain,2016,developed,Europe,24.09,2.25,2.19,-0.3,5.17,
Spain,2017,developed,Europe,13.9,-14.5,23.95,6.99,4.8,
Spain,2018,developed,Europe,24.45,3.23,11.37,-2.14,4.22,
Spain,2019,developed,Europe,15.47,5.97,0.65,-5.87,5.03,
Spain,2020,developed,Europe,-13.14,2.46,-9.19,1.32,4.16,COVID-19
Spain,2021,developed,Europe,3.03,0.29,6.03,22.3,5.19,COVID recovery / stimulus
Spain,2022,developed,Europe,20.58,3.91,-1.73,-4.58,5.05,Inflation / rate hike cycle
Spain,2023,developed,Europe,10.81,6.5,5.73,1.89,4.96,Rates plateau
Spain,2024,developed,Europe,17.69,6.6,0.44,-8.51,4.12,
Netherlands,1985,developed,Europe,0.53,4.53,10.03,-17.8,3.0,
Netherlands,1986,developed,Europe,11.84,-1.5,9.86,-1.07,2.62,
Netherlands,1987,developed,Europe,10.06,5.17,0.48,-0.48,2.38,Black Monday
Netherlands,1988,developed,Europe,2.05,-6.33,-5.32,-2.4,2.9,
Netherlands,1989,developed,Europe,4.89,9.59,-5.97,-0.05,4.51,
Netherlands,1990,developed,Europe,9.25,3.55,1.53,8.89,3.89,Gulf War / S&L crisis
Netherlands,1991,developed,Europe,-2.88,0.73,-8.62,4.42,2.94,Recession
Netherlands,1992,developed,Europe,1.12,-2.97,12.81,-3.46,3.66,
Netherlands,1993,developed,Europe,-11.55,4.36,-5.45,-3.16,4.57,
Netherlands,1994,developed,Europe,19.59,3.39,30.4,-10.65,4.04,
Netherlands,1995,developed,Europe,-9.06,4.66,-4.68,6.17,3.14,
Netherlands,1996,developed,Europe,6.9,9.76,2.36,7.82,3.38,
Netherlands,1997,developed,Europe,-13.73,-0.11,2.48,12.38,4.13,Asian Financial Crisis
Netherlands,1998,developed,Europe,3.52,0.6,-3.57,8.48,3.61,LTCM / Russia default
Netherlands,1999,developed,Europe,10.36,0.99,13.33,-4.45,2.73,
Netherlands,2000,developed,Europe,19.74,-12.22,4.83,-13.88,3.11,
Netherlands,2001,developed,Europe,2.39,3.44,5.4,-7.04,2.5,Dot-com bust / 9-11
Netherlands,2002,developed,Europe,8.38,4.62,2.4,-13.36,2.07,Corporate scandals
Netherlands,2003,developed,Europe,9.2,7.68,-4.17,13.7,2.23,
Netherlands,2004,developed,Europe,18.04,6.59,10.54,35.56,2.35,
Netherlands,2005,developed,Europe,-5.32,-4.43,19.86,30.06,2.19,
Netherlands,2006,developed,Europe,1.62,2.1,17.01,-16.12,2.24,
Netherlands,2007,developed,Europe,36.84,4.04,10.91,0.61,3.06,
Netherlands,2008,developed,Europe,-22.56,0.7,-0.99,-32.03,2.77,Global Financial Crisis
Netherlands,2009,developed,Europe,-12.42,5.32,-8.63,-13.39,2.54,GFC trough
Netherlands,2010,developed,Europe,4.92,4.49,-7.64,3.46,2.47,
Netherlands,2011,developed,Europe,-4.43,-5.43,7.26,-15.88,2.74,Euro debt crisis
Netherlands,2012,developed,Europe,-4.71,0.93,13.47,11.72,3.01,
Netherlands,2013,developed,Europe,11.02,3.06,-9.47,-0.37,3.07,
Netherlands,2014,developed,Europe,26.56,-2.06,10.18,7.88,3.13,
Netherlands,2015,developed,Europe,7.05,4.36,-8.53,-19.71,2.93,China slowdown
Netherlands,2016,developed,Europe,20.99,2.95,13.08,-5.38,4.12,
Netherlands,2017,developed,Europe,5.29,8.56,15.74,16.08,5.1,
Netherlands,2018,developed,Europe,22.36,-0.47,-1.06,2.48,4.62,
Netherlands,2019,developed,Europe,7.06,-4.02,12.72,12.19,4.74,
Netherlands,2020,developed,Europe,-27.87,15.38,-18.13,-16.19,3.75,COVID-19
Netherlands,2021,developed,Europe,24.24,4.38,2.6,-8.58,3.51,COVID recovery / stimulus
Netherlands,2022,developed,Europe,15.7,5.69,10.66,9.77,3.82,Inflation / rate hike cycle
Netherlands,2023,developed,Europe,-14.86,5.44,-5.14,-4.88,4.98,Rates plateau
Netherlands,2024,developed,Europe,12.87,6.42,2.64,-6.33,5.42,
Sweden,1985,developed,Europe,-4.1,1.1,-12.68,-19.58,3.08,
Sweden,1986,developed,Europe,41.45,-7.92,-1.34,7.45,3.39,
Sweden,1987,developed,Europe,9.42,4.51,1.87,-3.56,3.27,Black Monday
Sweden,1988,developed,Europe,4.54,5.49,-4.36,17.24,2.8,
Sweden,1989,developed,Europe,9.7,-7.02,0.47,22.15,2.75,
Sweden,1990,developed,Europe,9.1,-1.75,3.41,-17.06,3.48,Gulf War / S&L crisis
Sweden,1991,developed,Europe,8.1,4.87,-5.37,-1.78,4.03,Recession
Sweden,1992,developed,Europe,5.74,1.26,20.35,-10.62,3.81,
Sweden,1993,developed,Europe,-4.62,3.55,11.33,-3.03,3.14,
Sweden,1994,developed,Europe,-13.93,-1.51,10.09,-12.11,3.62,
Sweden,1995,developed,Europe,-8.2,0.75,-3.51,2.76,3.4,
Sweden,1996,developed,Europe,-5.39,-1.43,-2.17,-15.74,3.91,
Sweden,1997,developed,Europe,-0.08,-8.44,-3.08,17.06,3.78,Asian Financial Crisis
Sweden,1998,developed,Europe,25.6,0.03,8.84,18.17,3.41,LTCM / Russia default
Sweden,1999,developed,Europe,-4.23,-1.52,16.99,-8.75,3.58,
Sweden,2000,developed,Europe,7.04,3.93,-3.48,-5.82,3.04,
Sweden,2001,developed,Europe,9.08,6.14,8.42,-5.2,2.6,Dot-com bust / 9-11
Sweden,2002,developed,Europe,10.02,-0.95,15.06,1.12,2.12,Corporate scandals
Sweden,2003,developed,Europe,20.38,3.53,-2.02,-12.9,2.06,
Sweden,2004,developed,Europe,12.54,-4.0,11.16,-5.52,2.28,
Sweden,2005,developed,Europe,-1.21,7.5,-7.47,-8.96,3.04,
Sweden,2006,developed,Europe,28.18,6.04,-0.97,26.33,2.94,
Sweden,2007,developed,Europe,12.75,7.5,-0.41,13.13,2.67,
Sweden,2008,developed,Europe,0.15,-2.53,-1.69,-4.75,3.39,Global Financial Crisis
Sweden,2009,developed,Europe,-9.92,14.07,-0.12,-0.68,2.68,GFC trough
Sweden,2010,developed,Europe,13.7,7.87,-13.82,-12.03,2.54,
Sweden,2011,developed,Europe,-10.75,8.29,9.62,-7.76,1.89,Euro debt crisis
Sweden,2012,developed,Europe,2.98,14.22,0.86,-8.71,1.9,
Sweden,2013,developed,Europe,24.6,3.05,2.99,24.23,2.21,
Sweden,2014,developed,Europe,1.43,-3.34,19.17,3.83,1.24,
Sweden,2015,developed,Europe,-7.95,-4.89,0.59,-26.44,1.36,China slowdown
Sweden,2016,developed,Europe,3.44,-1.48,23.7,0.28,2.3,
Sweden,2017,developed,Europe,20.59,-0.89,13.07,8.69,2.62,
Sweden,2018,developed,Europe,44.99,4.11,-1.66,10.38,3.37,
Sweden,2019,developed,Europe,16.73,-5.6,-1.58,9.3,3.56,
Sweden,2020,developed,Europe,-1.24,8.5,-1.33,5.05,3.31,COVID-19
Sweden,2021,developed,Europe,16.69,7.17,3.81,2.14,3.91,COVID recovery / stimulus
Sweden,2022,developed,Europe,2.4,0.71,4.86,2.94,3.8,Inflation / rate hike cycle
Sweden,2023,developed,Europe,10.28,1.26,17.69,15.89,3.8,Rates plateau
Sweden,2024,developed,Europe,18.83,3.21,16.47,-3.86,3.62,
Switzerland,1985,developed,Europe,10.27,5.55,1.63,11.19,2.25,
Switzerland,1986,developed,Europe,28.35,2.54,5.3,15.4,2.68,
Switzerland,1987,developed,Europe,19.88,9.93,14.74,8.3,2.96,Black Monday
Switzerland,1988,developed,Europe,11.92,4.41,1.91,23.64,3.7,
Switzerland,1989,developed,Europe,-2.59,11.06,4.81,-12.35,3.89,
Switzerland,1990,developed,Europe,21.03,11.05,8.64,23.63,5.04,Gulf War / S&L crisis
Switzerland,1991,developed,Europe,6.83,4.55,3.0,14.62,4.46,Recession
Switzerland,1992,developed,Europe,12.23,10.46,-0.15,-1.1,4.17,
Switzerland,1993,developed,Europe,-2.93,-3.25,11.95,-3.28,3.76,
Switzerland,1994,developed,Europe,1.15,8.8,10.94,0.1,3.93,
Switzerland,1995,developed,Europe,5.71,4.65,5.89,5.52,4.79,
Switzerland,1996,developed,Europe,16.5,3.63,5.86,-11.7,5.91,
Switzerland,1997,developed,Europe,-3.55,6.83,3.15,-4.04,4.45,Asian Financial Crisis
Switzerland,1998,developed,Europe,0.54,1.9,3.35,-22.81,4.47,LTCM / Russia default
Switzerland,1999,developed,Europe,12.23,10.82,-12.46,-10.1,4.19,
Switzerland,2000,developed,Europe,53.08,14.26,10.91,9.4,2.86,
Switzerland,2001,developed,Europe,12.51,2.84,-7.86,-17.83,2.8,Dot-com bust / 9-11
Switzerland,2002,developed,Europe,1.43,8.37,3.26,-15.34,1.76,Corporate scandals
Switzerland,2003,developed,Europe,-1.57,0.97,2.32,-14.56,1.67,
Switzerland,2004,developed,Europe,15.08,-0.33,4.71,30.23,1.18,
Switzerland,2005,developed,Europe,14.39,3.98,17.0,7.87,1.35,
Switzerland,2006,developed,Europe,10.14,4.36,8.11,-16.54,1.48,
Switzerland,2007,developed,Europe,21.66,-0.59,5.55,-0.42,1.18,
Switzerland,2008,developed,Europe,-32.69,3.74,-6.27,-20.18,1.48,Global Financial Crisis
Switzerland,2009,developed,Europe,1.03,13.77,-5.95,-26.92,1.76,GFC trough
Switzerland,2010,developed,Europe,0.98,9.33,17.51,-10.17,1.0,
Switzerland,2011,developed,Europe,-12.58,9.89,3.39,-16.36,0.83,Euro debt crisis
Switzerland,2012,developed,Europe,1.48,-0.12,10.56,-3.72,1.2,
Switzerland,2013,developed,Europe,-1.75,7.73,8.32,5.33,0.96,
Switzerland,2014,developed,Europe,12.57,-0.55,5.32,-3.1,1.71,
Switzerland,2015,developed,Europe,-4.01,2.69,11.41,-1.89,1.19,China slowdown
Switzerland,2016,developed,Europe,10.0,4.81,18.7,29.43,0.96,
Switzerland,2017,developed,Europe,13.41,6.03,13.68,4.33,0.0,
Switzerland,2018,developed,Europe,26.5,6.12,13.46,-16.45,0.02,
Switzerland,2019,developed,Europe,-10.15,3.39,7.43,6.51,0.78,
Switzerland,2020,developed,Europe,-0.86,19.42,5.19,16.26,0.56,COVID-19
Switzerland,2021,developed,Europe,3.92,2.15,17.62,2.14,0.07,COVID recovery / stimulus
Switzerland,2022,developed,Europe,3.7,0.89,20.5,-13.51,1.08,Inflation / rate hike cycle
Switzerland,2023,developed,Europe,17.22,-4.2,3.55,-6.79,0.92,Rates plateau
Switzerland,2024,developed,Europe,5.65,5.71,-1.91,37.21,0.83,
Japan,1985,developed,Asia,17.02,0.9,3.98,31.99,0.97,
Japan,1986,developed,Asia,15.17,-1.55,5.87,-6.71,1.68,
Japan,1987,developed,Asia,6.68,-5.93,3.16,0.39,1.61,Black Monday
Japan,1988,developed,Asia,27.96,2.97,6.6,-6.52,1.59,
Japan,1989,developed,Asia,26.46,16.35,15.0,19.46,2.13,
Japan,1990,developed,Asia,11.08,12.48,13.73,4.88,1.78,Gulf War / S&L crisis
Japan,1991,developed,Asia,-17.42,7.45,-7.97,-22.08,2.29,Recession
Japan,1992,developed,Asia,-7.82,5.04,6.41,5.59,1.84,
Japan,1993,developed,Asia,16.44,4.19,8.49,-14.93,2.29,
Japan,1994,developed,Asia,19.03,8.07,-2.85,-4.67,3.31,
Japan,1995,developed,Asia,-2.27,-3.87,2.31,13.06,3.36,
Japan,1996,developed,Asia,7.68,1.04,14.16,-5.29,3.02,
Japan,1997,developed,Asia,-6.51,-2.44,6.94,1.11,3.14,Asian Financial Crisis
Japan,1998,developed,Asia,19.23,10.93,-10.21,12.51,3.1,LTCM / Russia default
Japan,1999,developed,Asia,5.82,3.96,-5.86,25.68,2.85,
Japan,2000,developed,Asia,-0.18,-0.51,-7.01,-0.99,3.03,
Japan,2001,developed,Asia,-13.63,8.5,12.22,2.32,3.04,Dot-com bust / 9-11
Japan,2002,developed,Asia,7.94,5.2,-6.36,-7.28,3.0,Corporate scandals
Japan,2003,developed,Asia,9.48,5.45,6.27,-20.26,3.27,
Japan,2004,developed,Asia,10.52,17.76,4.19,7.51,3.64,
Japan,2005,developed,Asia,12.27,6.82,0.12,24.75,1.66,
Japan,2006,developed,Asia,12.89,5.68,5.74,-19.81,2.08,
Japan,2007,developed,Asia,6.3,-0.67,18.15,-4.98,1.89,
Japan,2008,developed,Asia,-0.5,11.31,-21.54,11.09,1.67,Global Financial Crisis
Japan,2009,developed,Asia,-17.38,7.43,-18.71,4.23,1.51,GFC trough
Japan,2010,developed,Asia,-2.93,6.77,11.66,-9.61,1.98,
Japan,2011,developed,Asia,14.02,2.64,-4.95,-18.8,1.89,Euro debt crisis
Japan,2012,developed,Asia,-2.5,10.7,1.33,-10.5,1.48,
Japan,2013,developed,Asia,-0.13,5.48,15.75,4.4,1.41,
Japan,2014,developed,Asia,10.87,-5.42,9.98,5.98,2.49,
Japan,2015,developed,Asia,16.15,1.95,15.53,-0.93,2.12,China slowdown
Japan,2016,developed,Asia,4.9,4.83,3.27,28.48,3.32,
Japan,2017,developed,Asia,19.98,10.86,-5.15,-17.84,2.34,
Japan,2018,developed,Asia,11.17,0.97,-5.55,21.19,3.32,
Japan,2019,developed,Asia,25.31,6.32,8.46,-8.28,3.09,
Japan,2020,developed,Asia,14.31,3.54,-9.93,18.76,3.73,COVID-19
Japan,2021,developed,Asia,-2.82,-0.1,0.96,5.29,3.53,COVID recovery / stimulus
Japan,2022,developed,Asia,-9.09,4.63,0.57,39.86,4.07,Inflation / rate hike cycle
Japan,2023,developed,Asia,0.75,3.23,-2.3,-22.28,4.12,Rates plateau
Japan,2024,developed,Asia,-1.12,-8.18,-1.34,-26.01,4.97,
Australia,1985,developed,AsiaPacific,11.29,2.17,1.4,2.76,3.58,
Australia,1986,developed,AsiaPacific,9.62,3.1,-1.61,7.56,3.71,
Australia,1987,developed,AsiaPacific,4.62,14.19,2.25,-0.57,3.85,Black Monday
Australia,1988,developed,AsiaPacific,-0.69,4.43,0.99,-4.27,3.47,
Australia,1989,developed,AsiaPacific,2.25,-7.6,4.36,17.17,3.81,
Australia,1990,developed,AsiaPacific,26.95,5.91,7.71,31.81,4.55,Gulf War / S&L crisis
Australia,1991,developed,AsiaPacific,10.17,2.79,16.32,3.3,4.59,Recession
Australia,1992,developed,AsiaPacific,18.73,-2.26,10.2,10.05,4.27,
Australia,1993,developed,AsiaPacific,17.21,-5.6,6.8,-3.05,5.01,
Australia,1994,developed,AsiaPacific,15.82,-2.18,-3.04,23.78,3.75,
Australia,1995,developed,AsiaPacific,4.13,2.95,13.59,13.55,3.44,
Australia,1996,developed,AsiaPacific,17.97,1.85,12.49,10.59,3.67,
Australia,1997,developed,AsiaPacific,8.77,-3.61,3.34,15.39,3.24,Asian Financial Crisis
Australia,1998,developed,AsiaPacific,-11.13,5.77,17.79,-15.19,3.91,LTCM / Russia default
Australia,1999,developed,AsiaPacific,6.91,0.32,9.5,-15.42,3.18,
Australia,2000,developed,AsiaPacific,4.18,3.16,-4.78,14.98,3.84,
Australia,2001,developed,AsiaPacific,-0.63,5.79,1.49,15.3,3.27,Dot-com bust / 9-11
Australia,2002,developed,AsiaPacific,-10.0,1.33,4.64,-15.27,3.08,Corporate scandals
Australia,2003,developed,AsiaPacific,13.14,-0.4,-4.21,17.78,2.72,
Australia,2004,developed,AsiaPacific,24.51,3.47,9.49,0.16,2.24,
Australia,2005,developed,AsiaPacific,-1.59,3.07,11.43,-23.69,2.56,
Australia,2006,developed,AsiaPacific,-0.85,3.24,8.1,14.94,3.34,
Australia,2007,developed,AsiaPacific,18.0,6.9,5.13,45.9,2.87,
Australia,2008,developed,AsiaPacific,-10.18,10.05,4.39,9.06,3.15,Global Financial Crisis
Australia,2009,developed,AsiaPacific,-32.96,14.85,-5.07,20.24,1.91,GFC trough
Australia,2010,developed,AsiaPacific,8.22,2.11,9.77,7.69,2.12,
Australia,2011,developed,AsiaPacific,-8.59,3.85,2.44,10.45,2.82,Euro debt crisis
Australia,2012,developed,AsiaPacific,7.49,-2.87,5.35,42.62,3.29,
Australia,2013,developed,AsiaPacific,-30.17,3.91,12.61,0.72,2.1,
Australia,2014,developed,AsiaPacific,3.82,4.13,-3.47,22.14,2.5,
Australia,2015,developed,AsiaPacific,-4.39,9.29,-6.48,-5.11,2.05,China slowdown
Australia,2016,developed,AsiaPacific,37.04,-1.5,-7.92,-4.75,1.77,
Australia,2017,developed,AsiaPacific,20.88,13.87,20.32,6.55,1.57,
Australia,2018,developed,AsiaPacific,29.75,-0.33,2.04,-2.13,2.29,
Australia,2019,developed,AsiaPacific,5.91,0.02,13.94,-1.6,2.21,
Australia,2020,developed,AsiaPacific,-26.09,5.96,-2.59,-6.1,2.57,COVID-19
Australia,2021,developed,AsiaPacific,15.57,9.14,1.31,5.06,3.1,COVID recovery / stimulus
Australia,2022,developed,AsiaPacific,-6.41,1.7,1.86,-15.82,3.27,Inflation / rate hike cycle
Australia,2023,developed,AsiaPacific,4.83,5.12,-6.15,3.96,3.43,Rates plateau
Australia,2024,developed,AsiaPacific,32.42,7.65,-4.59,11.06,3.18,
South_Korea,1985,developed,Asia,17.73,-4.43,-4.94,-0.37,3.6,
South_Korea,1986,developed,Asia,17.32,1.68,10.73,10.79,3.27,
South_Korea,1987,developed,Asia,3.66,2.71,18.61,5.7,3.18,Black Monday
South_Korea,1988,developed,Asia,14.7,-0.84,5.83,7.66,2.52,
South_Korea,1989,developed,Asia,10.57,-2.03,9.06,12.62,2.92,
South_Korea,1990,developed,Asia,-15.06,5.72,7.33,-11.5,3.04,Gulf War / S&L crisis
South_Korea,1991,developed,Asia,-8.62,6.92,5.09,-30.13,3.1,Recession
South_Korea,1992,developed,Asia,7.0,-3.16,1.47,2.9,3.19,
South_Korea,1993,developed,Asia,-9.09,6.07,6.66,-6.25,2.78,
South_Korea,1994,developed,Asia,23.37,-6.87,10.44,-4.01,2.81,
South_Korea,1995,developed,Asia,0.4,-4.18,9.03,8.58,2.76,
South_Korea,1996,developed,Asia,13.42,4.26,-3.54,4.57,2.47,
South_Korea,1997,developed,Asia,-3.48,0.12,1.85,-13.46,3.33,Asian Financial Crisis
South_Korea,1998,developed,Asia,21.01,-10.26,-5.25,13.49,2.99,LTCM / Russia default
South_Korea,1999,developed,Asia,33.98,2.22,12.37,-10.47,3.44,
South_Korea,2000,developed,Asia,2.71,5.43,14.57,-7.47,3.4,
South_Korea,2001,developed,Asia,40.72,-1.14,13.22,-2.22,3.12,Dot-com bust / 9-11
South_Korea,2002,developed,Asia,-4.55,-1.75,8.55,32.01,2.93,Corporate scandals
South_Korea,2003,developed,Asia,13.54,4.12,8.53,2.87,3.03,
South_Korea,2004,developed,Asia,5.47,-11.24,5.49,-9.47,3.18,
South_Korea,2005,developed,Asia,10.14,-5.28,8.58,4.84,3.1,
South_Korea,2006,developed,Asia,4.33,-1.38,18.97,7.13,3.23,
South_Korea,2007,developed,Asia,15.39,-11.51,8.81,-1.04,3.43,
South_Korea,2008,developed,Asia,-11.09,-1.13,6.45,19.94,3.37,Global Financial Crisis
South_Korea,2009,developed,Asia,-13.21,1.55,2.43,4.85,3.44,GFC trough
South_Korea,2010,developed,Asia,11.32,-2.15,13.71,4.5,3.51,
South_Korea,2011,developed,Asia,-1.31,7.95,-3.02,18.25,3.77,Euro debt crisis
South_Korea,2012,developed,Asia,-5.74,4.42,-5.6,16.77,4.29,
South_Korea,2013,developed,Asia,-1.73,-0.34,-0.21,9.92,4.97,
South_Korea,2014,developed,Asia,6.33,2.78,5.6,4.93,4.39,
South_Korea,2015,developed,Asia,-1.62,3.17,1.8,-9.65,4.67,China slowdown
South_Korea,2016,developed,Asia,12.95,-0.01,17.64,-23.39,4.12,
South_Korea,2017,developed,Asia,1.08,0.71,1.95,-9.07,4.23,
South_Korea,2018,developed,Asia,34.88,-2.78,10.47,6.17,3.94,
South_Korea,2019,developed,Asia,-9.73,-0.72,3.59,-29.75,3.39,
South_Korea,2020,developed,Asia,20.43,-0.14,6.05,20.73,2.9,COVID-19
South_Korea,2021,developed,Asia,15.88,-10.94,2.8,19.04,3.7,COVID recovery / stimulus
South_Korea,2022,developed,Asia,14.34,-3.2,23.25,-0.54,4.1,Inflation / rate hike cycle
South_Korea,2023,developed,Asia,12.42,5.59,-4.19,8.44,4.09,Rates plateau
South_Korea,2024,developed,Asia,14.44,4.11,9.09,23.66,4.59,
China,1985,emerging,Asia,9.71,2.07,10.55,3.69,3.93,
China,1986,emerging,Asia,39.09,-1.22,26.09,7.1,3.81,
China,1987,emerging,Asia,28.1,-5.93,14.38,36.56,4.72,Black Monday
China,1988,emerging,Asia,32.41,0.63,13.79,11.17,4.95,
China,1989,emerging,Asia,25.62,-12.18,8.72,6.81,5.85,
China,1990,emerging,Asia,28.92,-5.85,-5.06,20.09,4.59,Gulf War / S&L crisis
China,1991,emerging,Asia,-14.14,0.05,4.48,16.4,5.08,Recession
China,1992,emerging,Asia,-11.36,-11.63,-3.22,-9.04,6.91,
China,1993,emerging,Asia,1.54,-2.75,2.13,14.97,6.4,
China,1994,emerging,Asia,5.16,-7.72,2.74,-25.35,7.47,
China,1995,emerging,Asia,17.01,-0.17,-6.05,3.77,7.04,
China,1996,emerging,Asia,25.2,-11.02,-1.83,16.94,6.57,
China,1997,emerging,Asia,-3.47,3.47,7.19,18.33,7.66,Asian Financial Crisis
China,1998,emerging,Asia,6.02,-1.9,-4.33,10.01,6.79,LTCM / Russia default
China,1999,emerging,Asia,9.91,0.4,14.57,14.39,7.05,
China,2000,emerging,Asia,7.72,-11.68,13.37,-3.17,5.07,
China,2001,emerging,Asia,-10.21,-1.75,-7.94,-0.49,5.42,Dot-com bust / 9-11
China,2002,emerging,Asia,14.63,9.2,12.25,-18.36,4.75,Corporate scandals
China,2003,emerging,Asia,19.58,0.36,11.05,10.12,3.2,
China,2004,emerging,Asia,20.84,9.14,10.25,-9.45,1.88,
China,2005,emerging,Asia,12.27,-8.05,15.52,28.75,1.42,
China,2006,emerging,Asia,29.36,-12.66,23.74,9.49,0.44,
China,2007,emerging,Asia,25.56,0.18,9.48,12.65,0.94,
China,2008,emerging,Asia,0.85,-1.4,4.53,18.53,0.21,Global Financial Crisis
China,2009,emerging,Asia,5.17,5.32,5.23,-4.74,0.0,GFC trough
China,2010,emerging,Asia,29.53,-5.47,14.9,33.17,0.61,
China,2011,emerging,Asia,-1.05,-7.19,5.72,10.12,1.48,Euro debt crisis
China,2012,emerging,Asia,2.9,-9.85,4.94,7.01,3.74,
China,2013,emerging,Asia,9.27,-7.01,3.81,17.76,3.09,
China,2014,emerging,Asia,15.88,-8.25,9.94,14.21,4.22,
China,2015,emerging,Asia,30.26,-2.98,8.92,-12.06,3.72,China slowdown
China,2016,emerging,Asia,32.7,-3.99,25.87,8.24,2.7,
China,2017,emerging,Asia,26.15,-2.99,6.79,5.97,3.12,
China,2018,emerging,Asia,14.33,0.45,2.3,19.69,4.63,
China,2019,emerging,Asia,4.2,-3.93,17.2,-10.4,4.35,
China,2020,emerging,Asia,-3.31,12.7,-8.19,13.57,4.49,COVID-19
China,2021,emerging,Asia,11.6,-2.07,7.32,3.12,3.29,COVID recovery / stimulus
China,2022,emerging,Asia,9.52,2.88,4.9,24.27,4.81,Inflation / rate hike cycle
China,2023,emerging,Asia,9.77,-0.77,1.35,-15.57,4.31,Rates plateau
China,2024,emerging,Asia,19.78,6.46,14.26,-4.73,3.76,
India,1985,emerging,Asia,14.94,-4.51,6.07,19.0,5.49,
India,1986,emerging,Asia,26.54,-20.0,20.99,-4.15,5.86,
India,1987,emerging,Asia,9.43,-14.41,1.16,16.64,7.27,Black Monday
India,1988,emerging,Asia,31.58,-7.1,8.68,38.71,7.59,
India,1989,emerging,Asia,33.08,-12.71,0.82,15.89,8.97,
India,1990,emerging,Asia,10.65,-11.07,5.7,12.15,8.7,Gulf War / S&L crisis
India,1991,emerging,Asia,31.15,-14.69,-8.88,-4.34,10.31,Recession
India,1992,emerging,Asia,6.38,-15.5,-7.35,19.97,11.68,
India,1993,emerging,Asia,27.88,-2.29,-0.71,11.85,10.2,
India,1994,emerging,Asia,11.19,-9.48,10.36,26.39,9.68,
India,1995,emerging,Asia,4.95,-8.67,-7.31,11.12,9.28,
India,1996,emerging,Asia,21.89,-6.51,12.17,13.92,7.86,
India,1997,emerging,Asia,15.38,-2.08,18.58,4.3,7.59,Asian Financial Crisis
India,1998,emerging,Asia,31.36,-3.8,18.56,25.96,6.29,LTCM / Russia default
India,1999,emerging,Asia,28.71,15.17,8.86,37.67,3.85,
India,2000,emerging,Asia,41.34,-0.04,23.79,27.98,1.82,
India,2001,emerging,Asia,20.46,-11.07,14.6,-5.08,1.48,Dot-com bust / 9-11
India,2002,emerging,Asia,55.62,12.4,4.63,13.98,0.77,Corporate scandals
India,2003,emerging,Asia,22.78,-2.95,22.32,-11.32,0.14,
India,2004,emerging,Asia,30.61,-6.05,13.77,-2.06,1.76,
India,2005,emerging,Asia,36.87,-4.69,31.19,-1.41,1.66,
India,2006,emerging,Asia,22.64,-2.69,12.32,38.46,1.11,
India,2007,emerging,Asia,46.15,-7.22,21.55,30.44,2.4,
India,2008,emerging,Asia,-6.95,1.55,16.7,-5.85,3.49,Global Financial Crisis
India,2009,emerging,Asia,5.99,-1.76,-5.7,3.54,2.4,GFC trough
India,2010,emerging,Asia,14.24,-3.96,4.5,19.77,2.21,
India,2011,emerging,Asia,2.5,-1.88,10.68,8.75,2.02,Euro debt crisis
India,2012,emerging,Asia,16.57,-1.85,1.75,3.94,2.4,
India,2013,emerging,Asia,18.06,-4.25,13.21,-5.7,2.49,
India,2014,emerging,Asia,14.47,5.08,13.22,4.37,2.9,
India,2015,emerging,Asia,13.55,10.66,6.94,-7.64,2.88,China slowdown
India,2016,emerging,Asia,18.15,-6.05,33.95,12.93,3.37,
India,2017,emerging,Asia,20.04,-4.94,24.0,-17.12,2.78,
India,2018,emerging,Asia,28.63,7.46,20.23,13.07,0.24,
India,2019,emerging,Asia,49.56,-8.31,31.23,4.24,0.01,
India,2020,emerging,Asia,-2.65,0.36,8.29,-8.2,0.0,COVID-19
India,2021,emerging,Asia,18.38,-0.25,12.31,2.64,0.57,COVID recovery / stimulus
India,2022,emerging,Asia,17.31,1.22,20.65,7.28,2.14,Inflation / rate hike cycle
India,2023,emerging,Asia,11.49,10.77,33.23,8.68,1.41,Rates plateau
India,2024,emerging,Asia,19.38,-7.79,14.37,4.59,1.49,
Brazil,1985,emerging,LatAm,-0.28,-11.68,-13.61,27.71,10.31,
Brazil,1986,emerging,LatAm,-3.44,-18.92,-15.63,37.38,9.94,
Brazil,1987,emerging,LatAm,0.08,-0.46,6.83,10.91,10.0,Black Monday
Brazil,1988,emerging,LatAm,-8.05,-9.91,-20.5,-11.1,9.2,
Brazil,1989,emerging,LatAm,14.32,-13.5,8.68,-0.95,10.06,
Brazil,1990,emerging,LatAm,-8.53,-16.63,-0.81,32.25,9.95,Gulf War / S&L crisis
Brazil,1991,emerging,LatAm,-14.35,-10.79,-16.85,11.99,10.96,Recession
Brazil,1992,emerging,LatAm,-31.4,-9.73,-11.98,7.53,12.68,
Brazil,1993,emerging,LatAm,-22.41,-10.04,-7.75,-6.32,13.33,
Brazil,1994,emerging,LatAm,-8.35,-8.07,-23.73,6.37,13.23,
Brazil,1995,emerging,LatAm,-13.08,-8.76,-14.8,44.54,14.72,
Brazil,1996,emerging,LatAm,-31.07,-1.54,-20.67,40.9,14.97,
Brazil,1997,emerging,LatAm,-19.9,-0.25,-26.36,9.09,13.98,Asian Financial Crisis
Brazil,1998,emerging,LatAm,4.56,1.86,-16.71,45.72,12.79,LTCM / Russia default
Brazil,1999,emerging,LatAm,-19.53,-9.06,1.32,7.24,11.56,
Brazil,2000,emerging,LatAm,-6.14,-1.87,-14.55,14.52,10.19,
Brazil,2001,emerging,LatAm,-0.33,4.48,-14.13,-15.49,8.79,Dot-com bust / 9-11
Brazil,2002,emerging,LatAm,28.01,6.1,-0.15,-1.78,8.13,Corporate scandals
Brazil,2003,emerging,LatAm,-16.62,-7.52,-14.07,28.35,7.95,
Brazil,2004,emerging,LatAm,-14.64,-1.52,-0.46,-0.65,7.32,
Brazil,2005,emerging,LatAm,0.38,1.33,-4.72,-1.51,6.59,
Brazil,2006,emerging,LatAm,-12.99,-8.91,-3.92,20.58,5.77,
Brazil,2007,emerging,LatAm,5.21,4.73,-16.15,3.46,6.21,
Brazil,2008,emerging,LatAm,-9.63,-9.32,-8.88,-3.99,7.18,Global Financial Crisis
Brazil,2009,emerging,LatAm,-29.13,2.55,-20.28,6.53,6.16,GFC trough
Brazil,2010,emerging,LatAm,-13.14,-5.19,-6.73,10.57,6.61,
Brazil,2011,emerging,LatAm,2.59,-0.87,-8.42,19.42,6.97,Euro debt crisis
Brazil,2012,emerging,LatAm,9.46,-2.13,1.03,10.12,7.33,
Brazil,2013,emerging,LatAm,1.94,-0.13,-1.46,3.9,7.64,
Brazil,2014,emerging,LatAm,-3.31,-7.06,-15.21,-22.66,7.19,
Brazil,2015,emerging,LatAm,17.09,-2.18,4.59,13.42,8.67,China slowdown
Brazil,2016,emerging,LatAm,-24.4,-2.85,2.59,32.44,10.39,
Brazil,2017,emerging,LatAm,-17.55,-8.25,-16.84,28.43,10.1,
Brazil,2018,emerging,LatAm,-1.56,-5.26,1.61,-5.33,10.16,
Brazil,2019,emerging,LatAm,6.7,-9.51,-11.76,-0.88,9.66,
Brazil,2020,emerging,LatAm,6.92,-1.43,-19.4,-1.0,9.38,COVID-19
Brazil,2021,emerging,LatAm,-2.31,-9.94,-2.23,5.3,9.68,COVID recovery / stimulus
Brazil,2022,emerging,LatAm,-13.76,-10.74,-21.07,22.81,11.23,Inflation / rate hike cycle
Brazil,2023,emerging,LatAm,8.03,-10.02,-13.75,23.03,12.82,Rates plateau
Brazil,2024,emerging,LatAm,-20.6,-11.48,-21.16,20.87,13.82,
Mexico,1985,emerging,LatAm,12.78,-20.0,-6.41,28.95,8.6,
Mexico,1986,emerging,LatAm,1.45,-16.72,-24.29,-2.25,9.01,
Mexico,1987,emerging,LatAm,-7.95,-12.39,-27.7,-12.9,10.38,Black Monday
Mexico,1988,emerging,LatAm,7.08,-17.18,-15.82,11.57,11.36,
Mexico,1989,emerging,LatAm,-23.38,-9.01,-4.83,19.85,11.43,
Mexico,1990,emerging,LatAm,-24.24,-2.47,-14.96,7.4,10.82,Gulf War / S&L crisis
Mexico,1991,emerging,LatAm,-18.89,-19.28,-7.31,14.47,10.89,Recession
Mexico,1992,emerging,LatAm,1.38,-8.44,-15.83,-1.22,11.46,
Mexico,1993,emerging,LatAm,-15.22,-15.47,-4.47,9.25,11.4,
Mexico,1994,emerging,LatAm,5.01,-11.12,-16.83,15.47,11.63,
Mexico,1995,emerging,LatAm,0.96,-8.82,-4.5,17.91,11.71,
Mexico,1996,emerging,LatAm,-16.32,-2.62,-15.66,7.89,9.02,
Mexico,1997,emerging,LatAm,-22.63,5.85,-5.42,2.19,7.76,Asian Financial Crisis
Mexico,1998,emerging,LatAm,-17.48,0.06,-10.44,31.19,7.3,LTCM / Russia default
Mexico,1999,emerging,LatAm,-1.99,-8.32,-8.3,11.2,6.5,
Mexico,2000,emerging,LatAm,-5.03,-5.45,7.13,12.9,8.1,
Mexico,2001,emerging,LatAm,-0.96,1.44,-16.37,6.26,8.46,Dot-com bust / 9-11
Mexico,2002,emerging,LatAm,2.16,-5.26,-9.32,24.56,9.36,Corporate scandals
Mexico,2003,emerging,LatAm,10.69,-3.43,-2.93,13.21,10.25,
Mexico,2004,emerging,LatAm,-7.1,-3.52,-2.88,-10.5,9.48,
Mexico,2005,emerging,LatAm,-10.69,-8.27,-5.01,-0.89,9.71,
Mexico,2006,emerging,LatAm,5.81,-12.56,-1.07,-0.49,10.94,
Mexico,2007,emerging,LatAm,4.23,-11.56,-12.05,27.09,9.18,
Mexico,2008,emerging,LatAm,-29.33,3.77,-18.19,17.01,9.22,Global Financial Crisis
Mexico,2009,emerging,LatAm,-13.11,9.06,-30.68,-3.71,8.81,GFC trough
Mexico,2010,emerging,LatAm,24.98,3.15,1.87,-1.69,8.93,
Mexico,2011,emerging,LatAm,-17.45,-11.35,-1.64,7.1,10.51,Euro debt crisis
Mexico,2012,emerging,LatAm,2.69,-13.49,-11.64,-6.4,9.83,
Mexico,2013,emerging,LatAm,-11.65,-9.91,-9.92,13.91,10.43,
Mexico,2014,emerging,LatAm,-3.19,-9.23,-8.21,6.84,10.48,
Mexico,2015,emerging,LatAm,-15.01,-8.99,2.51,9.95,10.27,China slowdown
Mexico,2016,emerging,LatAm,6.65,-6.38,-9.88,0.34,11.35,
Mexico,2017,emerging,LatAm,-12.97,3.45,-21.9,4.87,11.69,
Mexico,2018,emerging,LatAm,-3.6,10.28,-13.82,12.16,10.65,
Mexico,2019,emerging,LatAm,-20.24,-10.42,-16.38,20.84,9.87,
Mexico,2020,emerging,LatAm,-16.38,7.62,-6.87,20.99,10.46,COVID-19
Mexico,2021,emerging,LatAm,17.18,-1.56,-11.5,-7.85,9.78,COVID recovery / stimulus
Mexico,2022,emerging,LatAm,-3.41,-7.42,-28.62,7.46,11.04,Inflation / rate hike cycle
Mexico,2023,emerging,LatAm,1.46,5.06,-11.18,-4.74,10.43,Rates plateau
Mexico,2024,emerging,LatAm,9.0,-11.03,-2.85,31.28,10.99,
Argentina,1985,emerging,LatAm,-28.8,-15.38,-40.0,-14.35,24.61,
Argentina,1986,emerging,LatAm,-48.19,-17.97,-40.0,-23.88,22.92,
Argentina,1987,emerging,LatAm,-29.81,-19.34,-40.0,10.81,22.97,Black Monday
Argentina,1988,emerging,LatAm,-36.77,-20.0,-40.0,27.4,24.32,
Argentina,1989,emerging,LatAm,-16.72,-20.0,-40.0,24.44,23.34,
Argentina,1990,emerging,LatAm,-26.24,-20.0,-30.93,27.84,23.51,Gulf War / S&L crisis
Argentina,1991,emerging,LatAm,-49.4,-16.15,-40.0,50.85,23.75,Recession
Argentina,1992,emerging,LatAm,-9.5,-20.0,-31.21,6.99,23.55,
Argentina,1993,emerging,LatAm,-20.25,-20.0,-35.99,11.0,24.35,
Argentina,1994,emerging,LatAm,-18.76,-20.0,-40.0,13.82,24.65,
Argentina,1995,emerging,LatAm,-31.94,-20.0,-40.0,17.82,24.28,
Argentina,1996,emerging,LatAm,-9.63,-16.68,-40.0,5.38,24.15,
Argentina,1997,emerging,LatAm,-7.03,-20.0,-40.0,21.87,23.44,Asian Financial Crisis
Argentina,1998,emerging,LatAm,-41.13,-20.0,-40.0,5.8,23.34,LTCM / Russia default
Argentina,1999,emerging,LatAm,-22.5,-20.0,-36.7,27.19,22.05,
Argentina,2000,emerging,LatAm,-15.34,-20.0,-31.57,16.34,23.06,
Argentina,2001,emerging,LatAm,-41.9,-20.0,-40.0,7.37,24.58,Dot-com bust / 9-11
Argentina,2002,emerging,LatAm,-52.44,-20.0,-40.0,23.3,29.88,Corporate scandals
Argentina,2003,emerging,LatAm,-41.85,-20.0,-40.0,59.7,32.96,
Argentina,2004,emerging,LatAm,-60.0,-20.0,-40.0,40.45,36.03,
Argentina,2005,emerging,LatAm,-38.18,-20.0,-40.0,27.24,40.29,
Argentina,2006,emerging,LatAm,-60.0,-20.0,-40.0,45.57,44.12,
Argentina,2007,emerging,LatAm,-51.81,-20.0,-40.0,52.66,47.39,
Argentina,2008,emerging,LatAm,-60.0,-20.0,-40.0,52.21,52.33,Global Financial Crisis
Argentina,2009,emerging,LatAm,-60.0,-20.0,-40.0,13.35,57.63,GFC trough
Argentina,2010,emerging,LatAm,-60.0,-20.0,-40.0,23.9,59.12,
Argentina,2011,emerging,LatAm,-60.0,-20.0,-40.0,24.0,59.29,Euro debt crisis
Argentina,2012,emerging,LatAm,-60.0,-20.0,-40.0,21.75,60.01,
Argentina,2013,emerging,LatAm,-60.0,-20.0,-40.0,18.78,60.39,
Argentina,2014,emerging,LatAm,-60.0,-20.0,-40.0,24.94,61.16,
Argentina,2015,emerging,LatAm,-60.0,-20.0,-40.0,41.86,62.72,China slowdown
Argentina,2016,emerging,LatAm,-60.0,-20.0,-40.0,34.56,63.51,
Argentina,2017,emerging,LatAm,-60.0,-20.0,-40.0,-8.39,64.58,
Argentina,2018,emerging,LatAm,-60.0,-20.0,-40.0,14.73,63.51,
Argentina,2019,emerging,LatAm,-60.0,-20.0,-40.0,45.97,62.38,
Argentina,2020,emerging,LatAm,-60.0,-20.0,-40.0,21.67,61.01,COVID-19
Argentina,2021,emerging,LatAm,-60.0,-20.0,-40.0,2.82,60.41,COVID recovery / stimulus
Argentina,2022,emerging,LatAm,-60.0,-20.0,-40.0,60.0,60.16,Inflation / rate hike cycle
Argentina,2023,emerging,LatAm,-60.0,-20.0,-40.0,25.02,57.82,Rates plateau
Argentina,2024,emerging,LatAm,-60.0,-20.0,-40.0,9.99,55.92,
Chile,1985,emerging,LatAm,9.68,-8.21,4.01,5.76,4.61,
Chile,1986,emerging,LatAm,8.68,-3.77,21.06,11.72,5.44,
Chile,1987,emerging,LatAm,5.2,-12.38,6.86,-1.24,5.4,Black Monday
Chile,1988,emerging,LatAm,0.91,-1.77,15.49,22.4,4.92,
Chile,1989,emerging,LatAm,40.8,-15.02,0.58,-17.88,5.12,
Chile,1990,emerging,LatAm,7.27,-9.51,4.96,15.81,5.08,Gulf War / S&L crisis
Chile,1991,emerging,LatAm,0.5,-9.13,15.17,10.54,6.17,Recession
Chile,1992,emerging,LatAm,-14.48,-4.15,-5.46,-6.16,7.92,
Chile,1993,emerging,LatAm,-8.34,-16.42,-4.13,-5.92,9.38,
Chile,1994,emerging,LatAm,4.03,-0.01,-17.91,14.45,10.11,
Chile,1995,emerging,LatAm,-9.97,-7.81,-2.76,12.36,11.97,
Chile,1996,emerging,LatAm,-22.23,-13.4,3.44,24.89,12.03,
Chile,1997,emerging,LatAm,7.91,-12.42,-8.52,24.46,11.6,Asian Financial Crisis
Chile,1998,emerging,LatAm,19.0,-1.3,-33.37,14.37,9.88,LTCM / Russia default
Chile,1999,emerging,LatAm,11.58,3.61,-13.72,29.95,9.75,
Chile,2000,emerging,LatAm,-3.48,-0.79,2.72,2.11,7.58,
Chile,2001,emerging,LatAm,-0.25,-4.36,-24.33,10.63,7.56,Dot-com bust / 9-11
Chile,2002,emerging,LatAm,-10.33,-7.04,-16.68,13.15,6.93,Corporate scandals
Chile,2003,emerging,LatAm,6.38,-0.67,-2.57,10.74,5.96,
Chile,2004,emerging,LatAm,24.66,7.66,5.06,-21.52,4.69,
Chile,2005,emerging,LatAm,9.94,-1.21,-2.7,7.54,5.07,
Chile,2006,emerging,LatAm,2.1,3.5,-6.35,24.93,4.38,
Chile,2007,emerging,LatAm,18.17,7.58,2.37,2.93,3.6,
Chile,2008,emerging,LatAm,-1.23,-4.71,-1.24,-4.16,3.38,Global Financial Crisis
Chile,2009,emerging,LatAm,-0.57,-3.54,-0.2,8.35,2.82,GFC trough
Chile,2010,emerging,LatAm,16.97,13.09,12.33,5.86,1.63,
Chile,2011,emerging,LatAm,36.4,10.57,11.13,11.66,0.76,Euro debt crisis
Chile,2012,emerging,LatAm,10.35,16.36,3.09,22.87,1.19,
Chile,2013,emerging,LatAm,-5.41,1.05,5.17,15.56,1.94,
Chile,2014,emerging,LatAm,5.07,7.98,23.27,31.17,0.48,
Chile,2015,emerging,LatAm,9.68,5.57,5.88,8.87,0.05,China slowdown
Chile,2016,emerging,LatAm,-4.95,1.66,8.87,3.79,0.0,
Chile,2017,emerging,LatAm,25.9,-5.57,7.28,-3.07,0.58,
Chile,2018,emerging,LatAm,2.18,-2.13,10.7,13.04,2.95,
Chile,2019,emerging,LatAm,21.92,2.91,-5.0,26.88,4.87,
Chile,2020,emerging,LatAm,-12.67,1.82,-8.65,15.42,5.06,COVID-19
Chile,2021,emerging,LatAm,3.72,-15.31,6.01,4.11,6.06,COVID recovery / stimulus
Chile,2022,emerging,LatAm,-1.17,-5.89,-1.14,12.48,7.58,Inflation / rate hike cycle
Chile,2023,emerging,LatAm,-4.88,7.27,-11.94,3.44,6.61,Rates plateau
Chile,2024,emerging,LatAm,5.77,-8.64,-12.56,2.46,9.06,
Colombia,1985,emerging,LatAm,-8.2,-13.18,4.58,-23.22,6.29,
Colombia,1986,emerging,LatAm,33.27,-8.08,16.65,10.07,5.96,
Colombia,1987,emerging,LatAm,5.78,-11.15,4.91,32.63,4.55,Black Monday
Colombia,1988,emerging,LatAm,3.12,2.21,12.46,6.16,5.11,
Colombia,1989,emerging,LatAm,3.8,6.25,11.46,-3.33,3.89,
Colombia,1990,emerging,LatAm,15.74,2.44,4.47,-17.56,4.01,Gulf War / S&L crisis
Colombia,1991,emerging,LatAm,3.08,3.33,1.71,0.17,4.18,Recession
Colombia,1992,emerging,LatAm,-0.05,-1.81,18.73,21.41,3.67,
Colombia,1993,emerging,LatAm,27.4,-2.03,0.59,21.29,4.14,
Colombia,1994,emerging,LatAm,7.75,-4.73,6.41,13.94,4.72,
Colombia,1995,emerging,LatAm,7.73,4.54,5.24,8.56,5.62,
Colombia,1996,emerging,LatAm,31.26,0.16,-1.55,-20.77,5.47,
Colombia,1997,emerging,LatAm,-0.62,2.05,-2.94,11.53,4.49,Asian Financial Crisis
Colombia,1998,emerging,LatAm,-10.45,5.32,9.14,-10.0,5.26,LTCM / Russia default
Colombia,1999,emerging,LatAm,-7.19,-9.3,2.65,25.23,4.84,
Colombia,2000,emerging,LatAm,13.27,-5.83,12.46,-2.13,5.35,
Colombia,2001,emerging,LatAm,5.81,-0.86,-0.8,14.42,6.22,Dot-com bust / 9-11
Colombia,2002,emerging,LatAm,28.26,-7.37,10.83,17.08,6.05,Corporate scandals
Colombia,2003,emerging,LatAm,17.07,-2.45,16.1,22.25,5.74,
Colombia,2004,emerging,LatAm,17.0,-6.96,-15.62,-14.2,7.08,
Colombia,2005,emerging,LatAm,-0.67,-1.52,-7.65,2.2,6.96,
Colombia,2006,emerging,LatAm,25.06,-11.69,4.2,13.94,8.24,
Colombia,2007,emerging,LatAm,14.04,-9.29,-18.02,7.91,8.82,
Colombia,2008,emerging,LatAm,-10.98,-9.89,-7.08,9.82,9.04,Global Financial Crisis
Colombia,2009,emerging,LatAm,-19.83,5.95,-11.74,24.45,9.7,GFC trough
Colombia,2010,emerging,LatAm,-13.71,-6.9,-11.41,6.64,10.8,
Colombia,2011,emerging,LatAm,-11.69,-7.16,-14.34,25.7,9.7,Euro debt crisis
Colombia,2012,emerging,LatAm,0.13,5.9,-12.08,0.28,10.28,
Colombia,2013,emerging,LatAm,-14.72,-2.08,-17.65,-19.44,9.44,
Colombia,2014,emerging,LatAm,-10.27,-0.38,6.2,35.55,8.02,
Colombia,2015,emerging,LatAm,15.83,0.09,-5.94,-20.55,7.93,China slowdown
Colombia,2016,emerging,LatAm,-7.31,6.32,4.36,-6.67,6.09,
Colombia,2017,emerging,LatAm,34.81,5.06,0.52,-1.91,4.36,
Colombia,2018,emerging,LatAm,12.47,2.73,13.86,-16.51,4.24,
Colombia,2019,emerging,LatAm,12.25,-6.47,8.04,28.17,5.83,
Colombia,2020,emerging,LatAm,-20.51,-5.07,-15.78,-16.12,7.53,COVID-19
Colombia,2021,emerging,LatAm,30.45,-18.47,-1.14,10.69,8.14,COVID recovery / stimulus
Colombia,2022,emerging,LatAm,-9.9,-17.73,-18.14,31.61,9.35,Inflation / rate hike cycle
Colombia,2023,emerging,LatAm,-0.83,-0.51,-11.95,17.0,10.9,Rates plateau
Colombia,2024,emerging,LatAm,11.69,-12.84,-14.9,14.76,11.0,
Russia,1985,emerging,EasternEurope,-7.64,-7.97,-1.94,19.29,8.62,
Russia,1986,emerging,EasternEurope,-5.79,-8.57,-0.25,29.08,7.0,
Russia,1987,emerging,EasternEurope,1.09,-18.56,8.68,15.26,9.3,Black Monday
Russia,1988,emerging,EasternEurope,5.24,-10.73,-16.28,-20.09,9.52,
Russia,1989,emerging,EasternEurope,1.24,-9.23,-17.97,-1.62,10.18,
Russia,1990,emerging,EasternEurope,18.09,-15.03,-5.87,15.29,10.83,Gulf War / S&L crisis
Russia,1991,emerging,EasternEurope,19.63,-10.3,-2.21,16.5,11.75,Recession
Russia,1992,emerging,EasternEurope,15.88,-8.67,-12.6,32.41,12.9,
Russia,1993,emerging,EasternEurope,12.07,-20.0,-8.24,14.32,11.52,
Russia,1994,emerging,EasternEurope,5.19,-5.33,-5.61,6.41,11.5,
Russia,1995,emerging,EasternEurope,10.16,-7.22,-4.7,29.09,10.86,
Russia,1996,emerging,EasternEurope,-4.35,-2.02,-9.09,39.39,10.71,
Russia,1997,emerging,EasternEurope,-17.92,5.8,-32.11,19.52,10.36,Asian Financial Crisis
Russia,1998,emerging,EasternEurope,11.22,-5.08,-23.65,6.21,11.45,LTCM / Russia default
Russia,1999,emerging,EasternEurope,-10.45,-5.96,-20.79,13.64,11.97,
Russia,2000,emerging,EasternEurope,-20.08,-11.51,-11.94,17.21,11.22,
Russia,2001,emerging,EasternEurope,-6.62,1.37,-10.0,50.59,12.28,Dot-com bust / 9-11
Russia,2002,emerging,EasternEurope,-37.2,-19.43,-20.37,18.92,11.85,Corporate scandals
Russia,2003,emerging,EasternEurope,-3.7,-10.13,-23.34,3.5,11.71,
Russia,2004,emerging,EasternEurope,-0.21,-12.93,-20.1,20.79,12.54,
Russia,2005,emerging,EasternEurope,5.26,-12.57,-25.36,15.68,12.56,
Russia,2006,emerging,EasternEurope,-21.55,-1.03,-3.79,1.67,13.63,
Russia,2007,emerging,EasternEurope,-28.33,1.89,-17.53,23.62,11.62,
Russia,2008,emerging,EasternEurope,-23.59,-3.17,-25.38,34.31,11.1,Global Financial Crisis
Russia,2009,emerging,EasternEurope,-1.92,-0.67,-14.41,-17.35,11.29,GFC trough
Russia,2010,emerging,EasternEurope,-16.38,7.74,-14.26,-23.4,10.78,
Russia,2011,emerging,EasternEurope,-21.72,6.47,-7.11,2.54,9.41,Euro debt crisis
Russia,2012,emerging,EasternEurope,1.82,-8.58,-6.69,14.82,8.37,
Russia,2013,emerging,EasternEurope,4.6,-3.5,-2.26,-10.57,8.51,
Russia,2014,emerging,EasternEurope,6.06,-1.06,-5.79,7.4,9.29,
Russia,2015,emerging,EasternEurope,-3.31,-9.12,-3.96,-15.45,9.94,China slowdown
Russia,2016,emerging,EasternEurope,-5.78,-8.72,-8.92,-0.29,11.07,
Russia,2017,emerging,EasternEurope,-3.64,-12.42,-2.07,14.68,11.66,
Russia,2018,emerging,EasternEurope,16.55,-2.16,-5.11,6.89,10.5,
Russia,2019,emerging,EasternEurope,5.16,-8.56,-6.85,-38.41,12.52,
Russia,2020,emerging,EasternEurope,-5.61,-10.44,-15.27,20.06,13.38,COVID-19
Russia,2021,emerging,EasternEurope,19.72,-19.15,-10.79,10.16,13.31,COVID recovery / stimulus
Russia,2022,emerging,EasternEurope,4.99,-7.36,-1.8,23.66,12.61,Inflation / rate hike cycle
Russia,2023,emerging,EasternEurope,-16.16,-10.88,-12.19,4.73,13.27,Rates plateau
Russia,2024,emerging,EasternEurope,5.38,-8.41,-2.45,12.75,14.11,
Poland,1985,emerging,EasternEurope,-2.38,-5.37,-3.6,32.09,4.89,
Poland,1986,emerging,EasternEurope,3.35,-5.21,15.54,13.45,5.03,
Poland,1987,emerging,EasternEurope,6.56,0.57,4.09,-1.18,5.55,Black Monday
Poland,1988,emerging,EasternEurope,-2.45,-2.13,10.95,24.31,5.39,
Poland,1989,emerging,EasternEurope,8.59,-0.3,10.53,31.75,6.08,
Poland,1990,emerging,EasternEurope,-4.91,5.96,1.29,-11.11,5.51,Gulf War / S&L crisis
Poland,1991,emerging,EasternEurope,-19.12,5.46,-7.89,-16.18,6.0,Recession
Poland,1992,emerging,EasternEurope,1.17,10.68,15.29,12.73,5.12,
Poland,1993,emerging,EasternEurope,16.91,2.87,2.31,-6.43,4.41,
Poland,1994,emerging,EasternEurope,10.13,9.99,11.8,32.54,3.51,
Poland,1995,emerging,EasternEurope,14.71,4.06,-2.02,-3.14,3.0,
Poland,1996,emerging,EasternEurope,-20.25,-0.28,21.48,11.34,1.69,
Poland,1997,emerging,EasternEurope,11.68,-3.76,8.57,24.12,1.79,Asian Financial Crisis
Poland,1998,emerging,EasternEurope,-17.86,1.96,12.85,9.78,2.71,LTCM / Russia default
Poland,1999,emerging,EasternEurope,34.73,-5.99,3.54,-7.77,2.07,
Poland,2000,emerging,EasternEurope,2.63,4.97,16.44,1.31,2.26,
Poland,2001,emerging,EasternEurope,8.85,7.32,6.04,9.85,1.84,Dot-com bust / 9-11
Poland,2002,emerging,EasternEurope,6.04,2.32,12.59,39.76,2.7,Corporate scandals
Poland,2003,emerging,EasternEurope,13.51,-0.98,2.89,19.99,3.72,
Poland,2004,emerging,EasternEurope,7.35,8.2,6.77,-8.51,4.24,
Poland,2005,emerging,EasternEurope,9.92,2.86,8.79,6.88,5.02,
Poland,2006,emerging,EasternEurope,1.44,0.32,2.07,13.03,5.67,
Poland,2007,emerging,EasternEurope,12.25,-1.25,17.59,18.5,5.18,
Poland,2008,emerging,EasternEurope,-14.23,9.09,-14.66,-17.22,4.74,Global Financial Crisis
Poland,2009,emerging,EasternEurope,-12.82,1.34,-23.03,11.62,3.44,GFC trough
Poland,2010,emerging,EasternEurope,-9.21,7.39,-10.08,11.37,1.69,
Poland,2011,emerging,EasternEurope,-3.45,10.63,2.93,-6.4,0.56,Euro debt crisis
Poland,2012,emerging,EasternEurope,17.17,2.16,6.3,-8.56,1.45,
Poland,2013,emerging,EasternEurope,20.1,2.99,25.56,17.27,0.58,
Poland,2014,emerging,EasternEurope,26.5,5.9,13.62,24.65,1.21,
Poland,2015,emerging,EasternEurope,17.29,8.72,13.88,0.68,1.97,China slowdown
Poland,2016,emerging,EasternEurope,-11.57,9.08,12.74,-0.67,2.92,
Poland,2017,emerging,EasternEurope,6.92,-5.69,5.45,-12.02,1.38,
Poland,2018,emerging,EasternEurope,-0.22,-1.3,5.88,18.2,1.92,
Poland,2019,emerging,EasternEurope,19.02,-7.6,12.55,3.69,3.7,
Poland,2020,emerging,EasternEurope,20.6,9.88,-16.72,-0.54,2.2,COVID-19
Poland,2021,emerging,EasternEurope,19.7,-12.86,-5.87,28.82,3.69,COVID recovery / stimulus
Poland,2022,emerging,EasternEurope,-11.62,-12.33,4.46,-2.17,5.43,Inflation / rate hike cycle
Poland,2023,emerging,EasternEurope,-9.27,-11.71,9.96,14.89,5.74,Rates plateau
Poland,2024,emerging,EasternEurope,-5.97,5.06,1.86,26.05,5.83,
Turkey,1985,emerging,EasternEurope,-4.36,-12.96,-22.45,12.3,15.05,
Turkey,1986,emerging,EasternEurope,10.66,-20.0,-6.45,19.73,14.7,
Turkey,1987,emerging,EasternEurope,6.9,-20.0,-20.95,23.47,16.37,Black Monday
Turkey,1988,emerging,EasternEurope,-0.49,-20.0,-15.88,8.32,17.66,
Turkey,1989,emerging,EasternEurope,3.69,-20.0,-26.14,27.24,17.63,
Turkey,1990,emerging,EasternEurope,-15.79,-15.06,-20.23,-22.47,17.8,Gulf War / S&L crisis
Turkey,1991,emerging,EasternEurope,-8.21,-19.69,-23.15,-12.35,17.03,Recession
Turkey,1992,emerging,EasternEurope,-21.28,-17.22,-40.0,2.63,16.95,
Turkey,1993,emerging,EasternEurope,-14.74,-10.39,-27.23,14.38,18.01,
Turkey,1994,emerging,EasternEurope,-9.58,-20.0,-17.0,22.83,17.95,
Turkey,1995,emerging,EasternEurope,-12.31,-17.49,-17.46,9.06,18.18,
Turkey,1996,emerging,EasternEurope,-22.97,-6.2,-20.77,-1.42,17.86,
Turkey,1997,emerging,EasternEurope,-26.54,-12.58,-32.11,10.75,16.97,Asian Financial Crisis
Turkey,1998,emerging,EasternEurope,-12.57,-20.0,-38.5,18.06,18.12,LTCM / Russia default
Turkey,1999,emerging,EasternEurope,-17.31,-2.93,-15.47,2.73,16.09,
Turkey,2000,emerging,EasternEurope,-11.41,-11.36,-9.67,26.46,14.84,
Turkey,2001,emerging,EasternEurope,-0.1,-3.93,-18.1,16.73,14.21,Dot-com bust / 9-11
Turkey,2002,emerging,EasternEurope,-5.63,-13.77,-27.03,7.27,14.7,Corporate scandals
Turkey,2003,emerging,EasternEurope,-29.47,-5.55,-19.93,-8.65,15.62,
Turkey,2004,emerging,EasternEurope,-5.45,-10.65,-24.28,-7.98,14.25,
Turkey,2005,emerging,EasternEurope,-15.06,-13.1,-13.59,10.42,13.66,
Turkey,2006,emerging,EasternEurope,21.71,-20.0,-4.39,-25.06,13.95,
Turkey,2007,emerging,EasternEurope,-19.6,3.12,-11.52,30.46,12.63,
Turkey,2008,emerging,EasternEurope,-21.56,-7.82,-26.36,21.32,10.89,Global Financial Crisis
Turkey,2009,emerging,EasternEurope,-28.64,-6.25,-29.83,6.0,12.2,GFC trough
Turkey,2010,emerging,EasternEurope,-16.51,-18.36,-5.01,11.35,12.83,
Turkey,2011,emerging,EasternEurope,-17.15,-13.87,-30.38,20.86,13.8,Euro debt crisis
Turkey,2012,emerging,EasternEurope,-33.01,-9.41,-10.77,3.36,15.3,
Turkey,2013,emerging,EasternEurope,-5.56,-20.0,-9.11,7.72,15.65,
Turkey,2014,emerging,EasternEurope,-17.43,-17.46,-9.6,9.78,15.39,
Turkey,2015,emerging,EasternEurope,0.53,-15.16,-32.43,-9.09,15.19,China slowdown
Turkey,2016,emerging,EasternEurope,-4.0,-5.94,-21.77,-9.11,13.99,
Turkey,2017,emerging,EasternEurope,25.09,-7.9,-17.28,16.34,13.05,
Turkey,2018,emerging,EasternEurope,-14.67,-5.57,-10.3,2.13,12.91,
Turkey,2019,emerging,EasternEurope,-0.13,-18.12,8.53,11.34,12.09,
Turkey,2020,emerging,EasternEurope,-17.6,-11.38,-31.2,18.37,12.18,COVID-19
Turkey,2021,emerging,EasternEurope,1.38,-20.0,-16.95,-9.34,13.2,COVID recovery / stimulus
Turkey,2022,emerging,EasternEurope,-3.45,-20.0,-4.19,27.33,14.81,Inflation / rate hike cycle
Turkey,2023,emerging,EasternEurope,-28.81,-20.0,-8.57,27.43,16.88,Rates plateau
Turkey,2024,emerging,EasternEurope,-4.23,-18.67,-30.63,19.92,17.39,
South_Africa,1985,emerging,Africa,-2.62,7.56,-5.02,28.04,6.31,
South_Africa,1986,emerging,Africa,33.75,-5.29,2.87,22.25,6.3,
South_Africa,1987,emerging,Africa,9.31,0.43,-10.5,-1.34,7.06,Black Monday
South_Africa,1988,emerging,Africa,4.28,8.38,5.94,6.06,6.15,
South_Africa,1989,emerging,Africa,-18.58,-3.95,2.24,24.76,6.49,
South_Africa,1990,emerging,Africa,12.51,8.26,-10.92,4.08,6.81,Gulf War / S&L crisis
South_Africa,1991,emerging,Africa,-16.01,14.3,-17.65,10.1,5.82,Recession
South_Africa,1992,emerging,Africa,-8.64,-0.01,-4.5,19.26,4.28,
South_Africa,1993,emerging,Africa,-13.23,6.24,3.2,23.0,3.74,
South_Africa,1994,emerging,Africa,32.07,4.91,-2.74,15.15,3.88,
South_Africa,1995,emerging,Africa,4.78,-10.72,2.2,17.31,4.83,
South_Africa,1996,emerging,Africa,-4.12,-9.72,20.91,13.43,4.38,
South_Africa,1997,emerging,Africa,7.91,8.55,3.85,-33.43,6.27,Asian Financial Crisis
South_Africa,1998,emerging,Africa,-16.23,-3.22,-8.53,-2.88,5.93,LTCM / Russia default
South_Africa,1999,emerging,Africa,-19.99,-0.22,9.34,-4.99,5.32,
South_Africa,2000,emerging,Africa,6.01,-2.6,-2.66,-9.78,5.61,
South_Africa,2001,emerging,Africa,12.83,-7.58,-5.12,10.43,4.14,Dot-com bust / 9-11
South_Africa,2002,emerging,Africa,11.88,5.85,3.0,-10.26,5.41,Corporate scandals
South_Africa,2003,emerging,Africa,5.42,-0.87,5.58,18.07,5.72,
South_Africa,2004,emerging,Africa,11.14,9.26,15.12,20.51,4.76,
South_Africa,2005,emerging,Africa,-0.46,8.39,7.94,-2.16,3.58,
South_Africa,2006,emerging,Africa,-0.64,7.5,12.06,9.47,3.53,
South_Africa,2007,emerging,Africa,4.1,-11.71,-2.68,-3.0,2.24,
South_Africa,2008,emerging,Africa,-4.02,6.57,-4.87,27.28,2.7,Global Financial Crisis
South_Africa,2009,emerging,Africa,-19.44,2.77,-1.41,8.08,3.24,GFC trough
South_Africa,2010,emerging,Africa,-23.65,-1.05,7.66,-24.31,3.26,
South_Africa,2011,emerging,Africa,-0.78,0.4,-10.48,34.8,3.93,Euro debt crisis
South_Africa,2012,emerging,Africa,1.94,-0.87,-3.03,10.61,3.37,
South_Africa,2013,emerging,Africa,1.11,8.45,-0.33,-7.52,3.84,
South_Africa,2014,emerging,Africa,7.57,-6.16,4.89,-15.49,4.32,
South_Africa,2015,emerging,Africa,-6.83,-1.05,-1.08,33.9,5.17,China slowdown
South_Africa,2016,emerging,Africa,30.75,0.99,14.09,5.33,5.06,
South_Africa,2017,emerging,Africa,25.13,-2.13,8.27,5.43,5.25,
South_Africa,2018,emerging,Africa,19.14,5.27,-3.88,-2.8,5.2,
South_Africa,2019,emerging,Africa,21.46,-9.49,11.23,17.76,5.0,
South_Africa,2020,emerging,Africa,4.69,-8.23,2.47,12.52,4.71,COVID-19
South_Africa,2021,emerging,Africa,15.96,1.08,-9.04,-4.98,6.04,COVID recovery / stimulus
South_Africa,2022,emerging,Africa,13.82,-8.34,-23.89,13.54,6.88,Inflation / rate hike cycle
South_Africa,2023,emerging,Africa,-20.16,4.35,-5.38,2.46,6.87,Rates plateau
South_Africa,2024,emerging,Africa,-9.57,-1.93,-13.83,-0.07,7.51,
Nigeria,1985,emerging,Africa,0.65,-5.24,2.37,-2.37,10.43,
Nigeria,1986,emerging,Africa,1.23,-3.68,-16.21,11.06,11.26,
Nigeria,1987,emerging,Africa,-5.31,-14.14,-4.44,19.09,12.52,Black Monday
Nigeria,1988,emerging,Africa,7.45,-10.38,1.15,33.62,13.31,
Nigeria,1989,emerging,Africa,13.26,-18.33,-6.57,24.38,13.93,
Nigeria,1990,emerging,Africa,-16.16,-8.63,-21.16,19.81,13.43,Gulf War / S&L crisis
Nigeria,1991,emerging,Africa,-5.02,-16.48,-13.18,14.65,13.63,Recession
Nigeria,1992,emerging,Africa,15.53,-13.5,-15.78,14.0,14.32,
Nigeria,1993,emerging,Africa,22.05,-5.41,-19.43,38.09,12.84,
Nigeria,1994,emerging,Africa,-27.37,-10.43,-26.46,-16.42,12.51,
Nigeria,1995,emerging,Africa,-5.49,-1.9,-8.47,19.71,11.62,
Nigeria,1996,emerging,Africa,4.41,-0.17,-10.47,17.11,10.89,
Nigeria,1997,emerging,Africa,2.66,3.31,-12.74,0.91,10.68,Asian Financial Crisis
Nigeria,1998,emerging,Africa,-15.52,-9.39,-10.17,14.95,10.94,LTCM / Russia default
Nigeria,1999,emerging,Africa,-4.17,-13.28,-18.27,3.21,10.64,
Nigeria,2000,emerging,Africa,11.58,-0.42,-8.55,13.99,10.41,
Nigeria,2001,emerging,Africa,-14.4,-13.94,-7.48,-12.11,11.69,Dot-com bust / 9-11
Nigeria,2002,emerging,Africa,-22.7,-5.69,-10.81,25.49,10.31,Corporate scandals
Nigeria,2003,emerging,Africa,3.36,-13.23,-9.69,27.03,10.08,
Nigeria,2004,emerging,Africa,-16.31,-13.98,-6.55,-3.14,10.12,
Nigeria,2005,emerging,Africa,-2.9,-14.98,-27.9,33.52,11.18,
Nigeria,2006,emerging,Africa,-10.38,-12.1,-17.85,-1.68,12.01,
Nigeria,2007,emerging,Africa,-4.08,-5.37,-18.34,44.04,10.94,
Nigeria,2008,emerging,Africa,-51.77,7.7,-26.88,13.09,12.23,Global Financial Crisis
Nigeria,2009,emerging,Africa,-19.9,-0.63,-34.11,20.69,11.77,GFC trough
Nigeria,2010,emerging,Africa,9.36,1.53,-10.9,-7.47,11.02,
Nigeria,2011,emerging,Africa,-20.75,-6.14,-15.82,4.51,10.56,Euro debt crisis
Nigeria,2012,emerging,Africa,-4.29,-4.56,-21.1,8.19,11.24,
Nigeria,2013,emerging,Africa,-3.43,-8.73,4.36,7.11,10.55,
Nigeria,2014,emerging,Africa,19.38,-2.82,-8.36,3.09,10.1,
Nigeria,2015,emerging,Africa,28.32,-4.89,-20.02,14.33,10.92,China slowdown
Nigeria,2016,emerging,Africa,10.77,-14.07,-11.57,-2.48,10.9,
Nigeria,2017,emerging,Africa,10.7,-15.06,2.09,12.15,9.49,
Nigeria,2018,emerging,Africa,2.75,-8.51,11.71,12.27,8.23,
Nigeria,2019,emerging,Africa,17.57,-5.48,-0.75,7.13,8.27,
Nigeria,2020,emerging,Africa,13.14,-13.46,-9.72,22.47,8.41,COVID-19
Nigeria,2021,emerging,Africa,28.99,-17.69,6.7,13.91,9.98,COVID recovery / stimulus
Nigeria,2022,emerging,Africa,3.92,-20.0,-9.34,28.3,11.52,Inflation / rate hike cycle
Nigeria,2023,emerging,Africa,-10.09,-18.63,-9.28,15.27,11.34,Rates plateau
Nigeria,2024,emerging,Africa,3.19,-15.87,-11.66,14.21,11.83,
Egypt,1985,emerging,Africa,26.17,-13.22,-11.03,-24.06,10.16,
Egypt,1986,emerging,Africa,20.21,-6.38,8.08,23.24,8.91,
Egypt,1987,emerging,Africa,4.31,-9.83,1.95,31.37,8.01,Black Monday
Egypt,1988,emerging,Africa,26.02,-8.89,2.91,48.06,8.04,
Egypt,1989,emerging,Africa,29.06,-11.0,18.51,9.22,6.86,
Egypt,1990,emerging,Africa,-19.28,-7.74,-10.68,17.32,7.81,Gulf War / S&L crisis
Egypt,1991,emerging,Africa,23.01,-6.49,12.06,-4.02,9.45,Recession
Egypt,1992,emerging,Africa,-18.79,-6.92,-8.83,4.28,7.72,
Egypt,1993,emerging,Africa,-7.98,-20.0,-9.7,15.17,10.1,
Egypt,1994,emerging,Africa,4.05,-5.71,-20.04,5.94,10.39,
Egypt,1995,emerging,Africa,12.2,-17.64,4.35,4.97,9.4,
Egypt,1996,emerging,Africa,8.44,-12.87,-11.57,4.55,10.11,
Egypt,1997,emerging,Africa,-9.57,-5.38,-9.31,26.27,10.13,Asian Financial Crisis
Egypt,1998,emerging,Africa,-14.92,-20.0,-20.93,2.5,10.26,LTCM / Russia default
Egypt,1999,emerging,Africa,9.53,-8.46,7.34,1.8,11.0,
Egypt,2000,emerging,Africa,20.69,-11.22,-3.88,30.38,10.2,
Egypt,2001,emerging,Africa,-9.54,-8.49,-31.86,10.87,9.73,Dot-com bust / 9-11
Egypt,2002,emerging,Africa,-19.43,-2.25,-23.37,21.55,9.77,Corporate scandals
Egypt,2003,emerging,Africa,-0.85,-7.88,-14.37,21.96,9.23,
Egypt,2004,emerging,Africa,6.32,-3.96,-11.29,-12.54,10.08,
Egypt,2005,emerging,Africa,14.3,-6.23,-0.34,27.84,9.43,
Egypt,2006,emerging,Africa,-3.4,-10.15,-15.23,4.07,9.16,
Egypt,2007,emerging,Africa,-3.2,-4.34,-6.7,0.2,7.53,
Egypt,2008,emerging,Africa,-30.75,4.57,-15.95,44.72,7.37,Global Financial Crisis
Egypt,2009,emerging,Africa,0.71,7.22,-19.66,1.45,7.35,GFC trough
Egypt,2010,emerging,Africa,-16.72,-3.86,-8.53,-14.41,8.38,
Egypt,2011,emerging,Africa,-7.71,-1.56,-12.58,4.54,7.19,Euro debt crisis
Egypt,2012,emerging,Africa,-7.79,-6.37,-3.79,14.1,8.2,
Egypt,2013,emerging,Africa,-2.43,-5.94,-9.57,25.86,8.45,
Egypt,2014,emerging,Africa,2.11,-13.22,-5.67,13.14,9.07,
Egypt,2015,emerging,Africa,-3.73,-4.11,1.79,37.53,8.52,China slowdown
Egypt,2016,emerging,Africa,9.19,-17.14,1.05,-10.99,8.26,
Egypt,2017,emerging,Africa,10.58,-17.81,-10.04,6.29,9.88,
Egypt,2018,emerging,Africa,-4.99,-12.45,-7.39,24.81,10.05,
Egypt,2019,emerging,Africa,-13.7,-7.24,-9.23,16.02,10.54,
Egypt,2020,emerging,Africa,-9.59,2.87,-16.84,4.23,10.62,COVID-19
Egypt,2021,emerging,Africa,-13.93,-5.6,-4.93,-3.01,10.68,COVID recovery / stimulus
Egypt,2022,emerging,Africa,-7.13,-10.05,-24.06,30.25,11.57,Inflation / rate hike cycle
Egypt,2023,emerging,Africa,-16.24,-11.03,-0.05,-9.66,11.88,Rates plateau
Egypt,2024,emerging,Africa,10.8,-7.85,-18.11,25.71,12.7,
Saudi_Arabia,1985,emerging,MiddleEast,18.17,-4.95,4.97,12.62,3.02,
Saudi_Arabia,1986,emerging,MiddleEast,30.12,6.65,6.97,13.67,3.69,
Saudi_Arabia,1987,emerging,MiddleEast,36.91,6.5,-5.24,3.1,3.17,Black Monday
Saudi_Arabia,1988,emerging,MiddleEast,14.71,4.69,26.29,-3.12,2.77,
Saudi_Arabia,1989,emerging,MiddleEast,7.11,-4.54,7.23,23.25,3.75,
Saudi_Arabia,1990,emerging,MiddleEast,-26.32,-7.89,-6.64,-2.32,4.72,Gulf War / S&L crisis
Saudi_Arabia,1991,emerging,MiddleEast,-8.23,-4.16,-6.12,-9.89,4.5,Recession
Saudi_Arabia,1992,emerging,MiddleEast,-2.47,6.06,-5.94,1.41,4.05,
Saudi_Arabia,1993,emerging,MiddleEast,17.26,2.4,13.16,-10.8,3.39,
Saudi_Arabia,1994,emerging,MiddleEast,0.19,-2.47,3.51,32.27,3.51,
Saudi_Arabia,1995,emerging,MiddleEast,7.62,0.72,-4.17,-7.01,1.94,
Saudi_Arabia,1996,emerging,MiddleEast,4.05,6.85,-4.59,-4.81,1.27,
Saudi_Arabia,1997,emerging,MiddleEast,-10.42,4.61,9.83,-6.82,0.62,Asian Financial Crisis
Saudi_Arabia,1998,emerging,MiddleEast,-12.23,4.39,9.56,8.46,1.56,LTCM / Russia default
Saudi_Arabia,1999,emerging,MiddleEast,6.97,-2.2,19.8,35.02,1.68,
Saudi_Arabia,2000,emerging,MiddleEast,7.64,3.98,4.73,17.19,3.79,
Saudi_Arabia,2001,emerging,MiddleEast,-2.74,2.01,2.14,-10.66,3.39,Dot-com bust / 9-11
Saudi_Arabia,2002,emerging,MiddleEast,-4.75,6.51,8.55,18.09,4.5,Corporate scandals
Saudi_Arabia,2003,emerging,MiddleEast,14.3,2.4,8.88,14.43,3.2,
Saudi_Arabia,2004,emerging,MiddleEast,-2.38,-3.47,14.65,32.0,1.78,
Saudi_Arabia,2005,emerging,MiddleEast,25.68,5.6,14.45,13.35,2.45,
Saudi_Arabia,2006,emerging,MiddleEast,10.74,0.02,6.77,12.79,1.47,
Saudi_Arabia,2007,emerging,MiddleEast,19.11,5.69,4.89,-11.0,1.28,
Saudi_Arabia,2008,emerging,MiddleEast,1.31,0.22,-3.04,-27.01,0.28,Global Financial Crisis
Saudi_Arabia,2009,emerging,MiddleEast,10.98,5.71,8.68,45.34,0.01,GFC trough
Saudi_Arabia,2010,emerging,MiddleEast,8.75,11.55,-1.46,-18.55,0.0,
Saudi_Arabia,2011,emerging,MiddleEast,9.59,9.56,3.62,9.11,0.0,Euro debt crisis
Saudi_Arabia,2012,emerging,MiddleEast,10.58,-2.45,4.62,12.9,0.44,
Saudi_Arabia,2013,emerging,MiddleEast,6.1,2.78,18.25,18.2,0.82,
Saudi_Arabia,2014,emerging,MiddleEast,10.32,-0.12,8.94,-7.59,1.9,
Saudi_Arabia,2015,emerging,MiddleEast,21.93,13.92,19.77,0.19,0.48,China slowdown
Saudi_Arabia,2016,emerging,MiddleEast,40.92,1.43,4.89,21.7,0.71,
Saudi_Arabia,2017,emerging,MiddleEast,35.87,1.37,12.46,30.34,1.61,
Saudi_Arabia,2018,emerging,MiddleEast,9.92,-5.2,-5.24,20.98,1.69,
Saudi_Arabia,2019,emerging,MiddleEast,29.44,1.16,16.56,0.92,2.82,
Saudi_Arabia,2020,emerging,MiddleEast,-3.58,11.12,-2.01,-6.05,2.16,COVID-19
Saudi_Arabia,2021,emerging,MiddleEast,16.49,-1.0,8.22,3.17,3.19,COVID recovery / stimulus
Saudi_Arabia,2022,emerging,MiddleEast,17.62,-0.67,23.8,19.95,4.23,Inflation / rate hike cycle
Saudi_Arabia,2023,emerging,MiddleEast,0.37,-9.91,5.16,21.17,4.37,Rates plateau
Saudi_Arabia,2024,emerging,MiddleEast,30.2,-14.36,17.94,13.15,4.24,
UAE,1985,emerging,MiddleEast,18.65,0.52,9.48,22.86,3.3,
UAE,1986,emerging,MiddleEast,-8.54,-2.28,-7.19,18.14,3.76,
UAE,1987,emerging,MiddleEast,-8.86,-6.52,-3.52,2.03,3.77,Black Monday
UAE,1988,emerging,MiddleEast,3.76,1.52,12.51,24.92,4.35,
UAE,1989,emerging,MiddleEast,22.84,6.45,14.44,5.75,4.71,
UAE,1990,emerging,MiddleEast,-10.55,-9.68,-3.34,22.04,7.16,Gulf War / S&L crisis
UAE,1991,emerging,MiddleEast,-6.67,-3.39,-7.05,-0.58,8.18,Recession
UAE,1992,emerging,MiddleEast,10.27,-2.32,1.17,18.09,7.8,
UAE,1993,emerging,MiddleEast,-3.7,3.0,-0.58,1.61,8.61,
UAE,1994,emerging,MiddleEast,9.96,6.03,-9.07,27.26,6.8,
UAE,1995,emerging,MiddleEast,-2.78,-1.45,-10.06,-18.89,6.97,
UAE,1996,emerging,MiddleEast,36.47,-5.6,-1.45,17.76,4.77,
UAE,1997,emerging,MiddleEast,13.9,5.01,-3.61,1.7,3.81,Asian Financial Crisis
UAE,1998,emerging,MiddleEast,-4.91,5.51,13.37,28.04,4.82,LTCM / Russia default
UAE,1999,emerging,MiddleEast,-8.94,-2.72,21.31,31.56,4.0,
UAE,2000,emerging,MiddleEast,12.8,-9.36,7.8,8.82,5.07,
UAE,2001,emerging,MiddleEast,14.45,-0.65,7.09,13.56,4.13,Dot-com bust / 9-11
UAE,2002,emerging,MiddleEast,1.15,-2.69,15.34,-18.33,5.14,Corporate scandals
UAE,2003,emerging,MiddleEast,-11.37,-0.12,13.35,6.42,4.2,
UAE,2004,emerging,MiddleEast,23.37,1.66,9.09,-2.51,3.57,
UAE,2005,emerging,MiddleEast,13.39,10.79,11.88,2.36,2.22,
UAE,2006,emerging,MiddleEast,41.96,-12.2,15.93,5.43,2.57,
UAE,2007,emerging,MiddleEast,9.99,-4.19,4.27,13.61,4.61,
UAE,2008,emerging,MiddleEast,-1.98,-9.5,-9.8,3.66,3.77,Global Financial Crisis
UAE,2009,emerging,MiddleEast,1.67,4.26,15.63,5.99,1.78,GFC trough
UAE,2010,emerging,MiddleEast,23.83,8.6,8.68,3.1,3.13,
UAE,2011,emerging,MiddleEast,1.27,-1.75,7.93,17.58,3.15,Euro debt crisis
UAE,2012,emerging,MiddleEast,-5.21,4.56,4.53,7.81,3.34,
UAE,2013,emerging,MiddleEast,5.09,5.15,10.64,24.58,2.01,
UAE,2014,emerging,MiddleEast,4.12,0.52,0.76,-17.42,2.45,
UAE,2015,emerging,MiddleEast,8.41,6.56,4.77,11.19,1.56,China slowdown
UAE,2016,emerging,MiddleEast,8.95,2.68,12.89,32.51,0.0,
UAE,2017,emerging,MiddleEast,17.57,10.84,-10.37,11.9,1.66,
UAE,2018,emerging,MiddleEast,5.82,2.63,3.4,0.5,1.47,
UAE,2019,emerging,MiddleEast,4.34,2.47,18.31,-12.14,1.03,
UAE,2020,emerging,MiddleEast,3.34,7.31,-7.57,2.37,1.81,COVID-19
UAE,2021,emerging,MiddleEast,0.64,1.9,-1.09,3.59,1.09,COVID recovery / stimulus
UAE,2022,emerging,MiddleEast,15.34,-3.0,6.48,15.67,3.48,Inflation / rate hike cycle
UAE,2023,emerging,MiddleEast,1.36,1.04,-7.53,-9.37,4.11,Rates plateau
UAE,2024,emerging,MiddleEast,-1.09,2.21,4.99,-0.99,5.2,
Indonesia,1985,emerging,Asia,9.5,-1.76,3.22,9.21,6.04,
Indonesia,1986,emerging,Asia,-17.93,-1.84,6.71,2.22,5.83,
Indonesia,1987,emerging,Asia,4.67,5.87,10.76,23.63,4.42,Black Monday
Indonesia,1988,emerging,Asia,15.67,7.1,11.27,15.4,3.31,
Indonesia,1989,emerging,Asia,44.38,-6.74,-2.56,3.2,2.42,
Indonesia,1990,emerging,Asia,2.59,10.47,6.28,-13.2,3.61,Gulf War / S&L crisis
Indonesia,1991,emerging,Asia,0.64,11.13,1.38,8.76,1.94,Recession
Indonesia,1992,emerging,Asia,44.95,6.58,10.18,1.62,1.09,
Indonesia,1993,emerging,Asia,6.51,-2.95,26.88,-1.02,0.0,
Indonesia,1994,emerging,Asia,6.21,1.46,14.83,6.87,0.32,
Indonesia,1995,emerging,Asia,10.57,-1.16,10.01,17.95,0.81,
Indonesia,1996,emerging,Asia,16.26,-4.58,19.63,8.61,1.78,
Indonesia,1997,emerging,Asia,35.84,-6.82,7.78,1.3,3.09,Asian Financial Crisis
Indonesia,1998,emerging,Asia,13.38,-8.01,5.72,15.18,5.3,LTCM / Russia default
Indonesia,1999,emerging,Asia,23.5,1.73,6.34,30.09,6.2,
Indonesia,2000,emerging,Asia,17.97,-1.69,10.6,24.08,6.38,
Indonesia,2001,emerging,Asia,19.82,-10.23,-9.79,7.46,8.28,Dot-com bust / 9-11
Indonesia,2002,emerging,Asia,-26.23,1.26,-15.1,12.49,7.41,Corporate scandals
Indonesia,2003,emerging,Asia,13.95,-13.77,-10.24,14.59,7.3,
Indonesia,2004,emerging,Asia,-1.3,-7.76,3.91,-1.12,7.84,
Indonesia,2005,emerging,Asia,3.31,-3.29,7.23,-5.93,8.36,
Indonesia,2006,emerging,Asia,21.33,1.33,-10.18,-0.05,8.73,
Indonesia,2007,emerging,Asia,1.29,-10.61,0.65,33.53,8.02,
Indonesia,2008,emerging,Asia,8.38,-8.03,-8.85,32.95,8.05,Global Financial Crisis
Indonesia,2009,emerging,Asia,-14.92,-2.27,-13.26,17.5,7.35,GFC trough
Indonesia,2010,emerging,Asia,12.72,-13.65,-11.22,-10.6,7.14,
Indonesia,2011,emerging,Asia,-20.52,-7.92,-13.85,31.78,6.14,Euro debt crisis
Indonesia,2012,emerging,Asia,-12.56,-1.43,11.2,7.12,6.77,
Indonesia,2013,emerging,Asia,17.93,1.2,0.98,0.37,6.79,
Indonesia,2014,emerging,Asia,-9.03,-7.18,12.58,28.85,6.29,
Indonesia,2015,emerging,Asia,-14.12,-7.91,-2.0,5.68,4.75,China slowdown
Indonesia,2016,emerging,Asia,12.06,11.08,10.67,9.8,4.39,
Indonesia,2017,emerging,Asia,1.0,-7.04,-0.24,8.85,3.07,
Indonesia,2018,emerging,Asia,12.92,2.72,28.08,35.79,2.5,
Indonesia,2019,emerging,Asia,22.69,5.99,28.62,-23.76,1.75,
Indonesia,2020,emerging,Asia,2.26,0.76,5.87,10.18,0.44,COVID-19
Indonesia,2021,emerging,Asia,22.71,0.38,21.08,13.87,0.58,COVID recovery / stimulus
Indonesia,2022,emerging,Asia,28.83,0.86,21.8,15.26,2.55,Inflation / rate hike cycle
Indonesia,2023,emerging,Asia,32.86,11.1,24.82,6.79,1.98,Rates plateau
Indonesia,2024,emerging,Asia,18.74,-7.02,17.55,-0.99,3.66,
Thailand,1985,emerging,Asia,4.85,-6.84,11.11,-5.95,3.72,
Thailand,1986,emerging,Asia,11.97,-0.53,11.23,-3.35,3.85,
Thailand,1987,emerging,Asia,11.2,6.36,19.26,9.07,2.95,Black Monday
Thailand,1988,emerging,Asia,9.73,4.5,11.47,26.7,2.11,
Thailand,1989,emerging,Asia,10.57,5.44,7.73,-8.08,3.28,
Thailand,1990,emerging,Asia,17.9,1.95,-7.58,18.07,2.49,Gulf War / S&L crisis
Thailand,1991,emerging,Asia,8.56,0.77,8.45,23.68,0.52,Recession
Thailand,1992,emerging,Asia,-4.83,3.35,12.76,-2.35,0.18,
Thailand,1993,emerging,Asia,30.27,6.89,19.17,9.45,0.21,
Thailand,1994,emerging,Asia,6.2,0.12,5.32,3.01,1.19,
Thailand,1995,emerging,Asia,-0.21,5.25,5.75,-10.5,1.38,
Thailand,1996,emerging,Asia,7.25,6.86,14.59,18.12,0.74,
Thailand,1997,emerging,Asia,7.3,13.49,-1.15,24.91,0.59,Asian Financial Crisis
Thailand,1998,emerging,Asia,21.5,2.17,21.53,0.93,1.26,LTCM / Russia default
Thailand,1999,emerging,Asia,16.44,-1.98,6.74,23.67,2.01,
Thailand,2000,emerging,Asia,16.01,-9.39,11.24,-8.9,2.3,
Thailand,2001,emerging,Asia,7.55,6.89,10.16,14.42,2.49,Dot-com bust / 9-11
Thailand,2002,emerging,Asia,5.07,5.7,3.3,19.36,2.13,Corporate scandals
Thailand,2003,emerging,Asia,7.04,-3.83,7.19,-14.35,2.43,
Thailand,2004,emerging,Asia,29.79,-3.61,19.52,0.4,3.86,
Thailand,2005,emerging,Asia,8.6,-7.08,2.27,-0.24,4.36,
Thailand,2006,emerging,Asia,13.03,2.27,-7.1,18.76,4.15,
Thailand,2007,emerging,Asia,-11.2,-1.61,3.09,9.78,5.06,
Thailand,2008,emerging,Asia,-4.96,6.41,-22.61,30.17,7.08,Global Financial Crisis
Thailand,2009,emerging,Asia,-20.95,-7.17,-25.88,0.02,7.89,GFC trough
Thailand,2010,emerging,Asia,-1.83,-2.62,-10.97,-12.11,7.19,
Thailand,2011,emerging,Asia,-1.93,8.15,-0.2,21.06,7.09,Euro debt crisis
Thailand,2012,emerging,Asia,-10.05,-3.35,-13.71,20.96,7.0,
Thailand,2013,emerging,Asia,18.09,4.46,-1.9,-11.47,6.42,
Thailand,2014,emerging,Asia,10.0,10.38,-0.23,14.3,5.65,
Thailand,2015,emerging,Asia,15.13,8.07,10.64,34.17,4.46,China slowdown
Thailand,2016,emerging,Asia,21.65,4.6,1.4,-12.56,4.27,
Thailand,2017,emerging,Asia,1.23,3.08,9.38,21.52,4.92,
Thailand,2018,emerging,Asia,5.13,1.33,3.59,-10.84,6.33,
Thailand,2019,emerging,Asia,5.1,-3.81,3.82,25.7,5.2,
Thailand,2020,emerging,Asia,16.04,-4.23,0.8,-3.51,5.96,COVID-19
Thailand,2021,emerging,Asia,20.59,-11.22,6.17,11.7,5.72,COVID recovery / stimulus
Thailand,2022,emerging,Asia,14.52,-11.02,-10.78,6.56,7.72,Inflation / rate hike cycle
Thailand,2023,emerging,Asia,-0.42,-8.39,-1.61,8.94,8.84,Rates plateau
Thailand,2024,emerging,Asia,-11.6,-12.82,8.69,38.78,9.42,
